time,r,p,y,p_rate,q_rate,r_rate,r_d,p_d,y_d,ail,ele,rud,thr
1.77271e+09,0.305656,-0.0329191,1.49323,-0.00749032,-0.0544987,-0.186786,0.305594,-0.0320622,1.4901,-0.44,0.006,0.226,0.496
1.77271e+09,0.305608,-0.0327722,1.48474,-0.00790397,-0.0561367,-0.18653,0.305594,-0.0320622,1.4901,-0.44,0.006,0.226,0.496
1.77271e+09,0.305608,-0.0327722,1.48474,-0.00790397,-0.0561367,-0.18653,0.305594,-0.0320622,1.4901,-0.44,0.006,0.226,0.496
1.77271e+09,0.305616,-0.0327943,1.4816,-0.00900846,-0.0663095,-0.180414,0.305594,-0.0320622,1.4901,-0.44,0.006,0.226,0.496
1.77271e+09,0.305616,-0.0327943,1.4816,-0.00900846,-0.0663095,-0.180414,0.305594,-0.0320622,1.4901,-0.44,0.006,0.226,0.496
1.77271e+09,0.305668,-0.0328272,1.47302,-0.00338899,-0.0537999,-0.191792,0.305431,-0.0321939,1.47146,-0.44,0.006,0.232,0.496
1.77271e+09,0.305565,-0.0326702,1.46612,-0.0097778,-0.0552724,-0.187631,0.305431,-0.0321939,1.47146,-0.44,0.006,0.232,0.496
1.77271e+09,0.305565,-0.0326702,1.46612,-0.0097778,-0.0552724,-0.187631,0.305431,-0.0321939,1.47146,-0.44,0.006,0.232,0.496
1.77271e+09,0.305483,-0.0327523,1.46217,-0.00615702,-0.0609379,-0.188917,0.305431,-0.0321939,1.47146,-0.44,0.006,0.232,0.496
1.77271e+09,0.305483,-0.0327523,1.46217,-0.00615702,-0.0609379,-0.188917,0.305431,-0.0321939,1.47146,-0.44,0.006,0.232,0.496
1.77271e+09,0.305516,-0.0328403,1.45442,-0.00450774,-0.056845,-0.191378,0.305085,-0.0321313,1.45126,-0.44,0.008,0.222,0.495
1.77271e+09,0.305621,-0.0329575,1.44656,-0.00163733,-0.0567196,-0.180166,0.305085,-0.0321313,1.45126,-0.44,0.008,0.222,0.495
1.77271e+09,0.305621,-0.0329575,1.44656,-0.00163733,-0.0567196,-0.180166,0.305085,-0.0321313,1.45126,-0.44,0.008,0.222,0.495
1.77271e+09,0.305659,-0.0329819,1.44268,-0.00599396,-0.0589166,-0.182432,0.305085,-0.0321313,1.45126,-0.44,0.008,0.222,0.495
1.77271e+09,0.305659,-0.0329819,1.44268,-0.00599396,-0.0589166,-0.182432,0.305085,-0.0321313,1.45126,-0.44,0.008,0.222,0.495
1.77271e+09,0.305538,-0.0329841,1.43494,-0.0110273,-0.0585641,-0.18811,0.304776,-0.0320233,1.43254,-0.44,0.008,0.226,0.495
1.77271e+09,0.305448,-0.0329642,1.42628,-0.00913042,-0.0584513,-0.185903,0.304776,-0.0320233,1.43254,-0.44,0.008,0.226,0.495
1.77271e+09,0.305448,-0.0329642,1.42628,-0.00913042,-0.0584513,-0.185903,0.304776,-0.0320233,1.43254,-0.44,0.008,0.226,0.495
1.77271e+09,0.305433,-0.0330406,1.42311,-0.00515522,-0.0644691,-0.180238,0.304776,-0.0320233,1.43254,-0.44,0.008,0.226,0.495
1.77271e+09,0.305433,-0.0330406,1.42311,-0.00515522,-0.0644691,-0.180238,0.304776,-0.0320233,1.43254,-0.44,0.008,0.226,0.495
1.77271e+09,0.305355,-0.0331898,1.41462,-0.0105348,-0.0586829,-0.184742,0.304416,-0.0317843,1.41233,-0.44,0.008,0.228,0.495
1.77271e+09,0.305244,-0.0331259,1.40769,-0.00816194,-0.0590961,-0.189781,0.304416,-0.0317843,1.41233,-0.44,0.008,0.228,0.495
1.77271e+09,0.305244,-0.0331259,1.40769,-0.00816194,-0.0590961,-0.189781,0.304416,-0.0317843,1.41233,-0.44,0.008,0.228,0.495
1.77271e+09,0.305231,-0.0331313,1.40382,-0.00707778,-0.0637838,-0.183062,0.304416,-0.0317843,1.41233,-0.44,0.008,0.228,0.495
1.77271e+09,0.305231,-0.0331313,1.40382,-0.00707778,-0.0637838,-0.183062,0.304416,-0.0317843,1.41233,-0.44,0.008,0.228,0.495
1.77271e+09,0.305067,-0.0330564,1.39602,-0.0162786,-0.0539125,-0.182941,0.303897,-0.0317067,1.39373,-0.44,0.008,0.216,0.495
1.77271e+09,0.304902,-0.0331002,1.38824,-0.006689,-0.0531671,-0.183881,0.303897,-0.0317067,1.39373,-0.44,0.008,0.216,0.495
1.77271e+09,0.304902,-0.0331002,1.38824,-0.006689,-0.0531671,-0.183881,0.303897,-0.0317067,1.39373,-0.44,0.008,0.216,0.495
1.77271e+09,0.304925,-0.0330739,1.38356,-0.00823607,-0.0547479,-0.185723,0.303897,-0.0317067,1.39373,-0.44,0.008,0.216,0.495
1.77271e+09,0.304925,-0.0330739,1.38356,-0.00823607,-0.0547479,-0.185723,0.303897,-0.0317067,1.39373,-0.44,0.008,0.216,0.495
1.77271e+09,0.304779,-0.0330854,1.37664,-0.0127578,-0.062813,-0.187296,0.30348,-0.0317268,1.37355,-0.44,0.006,0.224,0.496
1.77271e+09,0.30463,-0.0330587,1.36894,-0.00725805,-0.0551163,-0.187693,0.30348,-0.0317268,1.37355,-0.44,0.006,0.224,0.496
1.77271e+09,0.30463,-0.0330587,1.36894,-0.00725805,-0.0551163,-0.187693,0.30348,-0.0317268,1.37355,-0.44,0.006,0.224,0.496
1.77271e+09,0.304667,-0.0330341,1.36429,-0.00351631,-0.0561945,-0.181669,0.30348,-0.0317268,1.37355,-0.44,0.006,0.224,0.496
1.77271e+09,0.304667,-0.0330341,1.36429,-0.00351631,-0.0561945,-0.181669,0.30348,-0.0317268,1.37355,-0.44,0.006,0.224,0.496
1.77271e+09,0.304386,-0.0329245,1.35673,-0.0162983,-0.0524034,-0.182066,0.303644,-0.0318304,1.35518,-0.44,0.008,0.228,0.495
1.77271e+09,0.304385,-0.0328238,1.34975,-0.00241211,-0.05933,-0.192852,0.303644,-0.0318304,1.35518,-0.44,0.008,0.228,0.495
1.77271e+09,0.304385,-0.0328238,1.34975,-0.00241211,-0.05933,-0.192852,0.303644,-0.0318304,1.35518,-0.44,0.008,0.228,0.495
1.77271e+09,0.304389,-0.0328824,1.34587,-0.00948373,-0.060577,-0.185909,0.303644,-0.0318304,1.35518,-0.44,0.008,0.228,0.495
1.77271e+09,0.304389,-0.0328824,1.34587,-0.00948373,-0.060577,-0.185909,0.303644,-0.0318304,1.35518,-0.44,0.008,0.228,0.495
1.77271e+09,0.304239,-0.0328974,1.33814,-0.00481907,-0.0586737,-0.181065,0.303524,-0.0318209,1.3351,-0.44,0.008,0.224,0.495
1.77271e+09,0.304093,-0.0328713,1.3297,-0.00812039,-0.0530306,-0.182532,0.303524,-0.0318209,1.3351,-0.44,0.008,0.224,0.495
1.77271e+09,0.304093,-0.0328713,1.3297,-0.00812039,-0.0530306,-0.182532,0.303524,-0.0318209,1.3351,-0.44,0.008,0.224,0.495
1.77271e+09,0.304061,-0.0328372,1.32585,-0.00914377,-0.056561,-0.180953,0.303524,-0.0318209,1.3351,-0.44,0.008,0.224,0.495
1.77271e+09,0.304061,-0.0328372,1.32585,-0.00914377,-0.056561,-0.180953,0.303524,-0.0318209,1.3351,-0.44,0.008,0.224,0.495
1.77271e+09,0.303977,-0.0328466,1.31888,-0.00838047,-0.0632402,-0.183651,0.303339,-0.031786,1.31651,-0.44,0.006,0.23,0.496
1.77271e+09,0.30388,-0.0328722,1.31025,-0.00771081,-0.063561,-0.187981,0.303339,-0.031786,1.31651,-0.44,0.006,0.23,0.496
1.77271e+09,0.30388,-0.0328722,1.31025,-0.00771081,-0.063561,-0.187981,0.303339,-0.031786,1.31651,-0.44,0.006,0.23,0.496
1.77271e+09,0.303823,-0.0328731,1.30714,-0.0159707,-0.0562739,-0.183398,0.303339,-0.031786,1.31651,-0.44,0.006,0.23,0.496
1.77271e+09,0.303823,-0.0328731,1.30714,-0.0159707,-0.0562739,-0.183398,0.303339,-0.031786,1.31651,-0.44,0.006,0.23,0.496
1.77271e+09,0.30375,-0.0329149,1.2994,-0.00494781,-0.0604784,-0.183919,0.303179,-0.0317097,1.29634,-0.44,0.006,0.222,0.496
1.77271e+09,0.303748,-0.0330114,1.29176,-0.00903715,-0.0566934,-0.179808,0.303179,-0.0317097,1.29634,-0.44,0.006,0.222,0.496
1.77271e+09,0.303748,-0.0330114,1.29176,-0.00903715,-0.0566934,-0.179808,0.303179,-0.0317097,1.29634,-0.44,0.006,0.222,0.496
1.77271e+09,0.303653,-0.0330128,1.288,-0.00941812,-0.0554859,-0.179466,0.303179,-0.0317097,1.29634,-0.44,0.006,0.222,0.496
1.77271e+09,0.303653,-0.0330128,1.288,-0.00941812,-0.0554859,-0.179466,0.303179,-0.0317097,1.29634,-0.44,0.006,0.222,0.496
1.77271e+09,0.303585,-0.0328597,1.28039,-0.00877876,-0.0599182,-0.182448,0.30307,-0.0319276,1.27807,-0.442,0.006,0.228,0.496
1.77271e+09,0.303447,-0.0327085,1.27267,-0.0104012,-0.0522805,-0.185377,0.30307,-0.0319276,1.27807,-0.442,0.006,0.228,0.496
1.77271e+09,0.303447,-0.0327085,1.27267,-0.0104012,-0.0522805,-0.185377,0.30307,-0.0319276,1.27807,-0.442,0.006,0.228,0.496
1.77271e+09,0.303393,-0.0326223,1.2681,-0.0109757,-0.0566117,-0.181326,0.30307,-0.0319276,1.27807,-0.442,0.006,0.228,0.496
1.77271e+09,0.303393,-0.0326223,1.2681,-0.0109757,-0.0566117,-0.181326,0.30307,-0.0319276,1.27807,-0.442,0.006,0.228,0.496
1.77271e+09,0.30347,-0.0325849,1.26114,-0.00692705,-0.0537674,-0.18878,0.30307,-0.0321376,1.25805,-0.442,0.008,0.234,0.495
1.77271e+09,0.303443,-0.0324216,1.2535,-0.00632086,-0.0551865,-0.178794,0.30307,-0.0321376,1.25805,-0.442,0.008,0.234,0.495
1.77271e+09,0.303443,-0.0324216,1.2535,-0.00632086,-0.0551865,-0.178794,0.30307,-0.0321376,1.25805,-0.442,0.008,0.234,0.495
1.77271e+09,0.30346,-0.0324684,1.24884,-0.00497627,-0.0606013,-0.185832,0.30307,-0.0321376,1.25805,-0.442,0.008,0.234,0.495
1.77271e+09,0.30346,-0.0324684,1.24884,-0.00497627,-0.0606013,-0.185832,0.30307,-0.0321376,1.25805,-0.442,0.008,0.234,0.495
1.77271e+09,0.303389,-0.0325424,1.24104,-0.00531322,-0.0619018,-0.186347,0.303224,-0.0320964,1.23953,-0.442,0.006,0.22,0.496
1.77271e+09,0.303383,-0.0326082,1.23335,-0.00708894,-0.0593933,-0.181779,0.303224,-0.0320964,1.23953,-0.442,0.006,0.22,0.496
1.77271e+09,0.303383,-0.0326082,1.23335,-0.00708894,-0.0593933,-0.181779,0.303224,-0.0320964,1.23953,-0.442,0.006,0.22,0.496
1.77271e+09,0.303428,-0.0326,1.22949,-0.00652147,-0.05565,-0.184999,0.303224,-0.0320964,1.23953,-0.442,0.006,0.22,0.496
1.77271e+09,0.303428,-0.0326,1.22949,-0.00652147,-0.05565,-0.184999,0.303224,-0.0320964,1.23953,-0.442,0.006,0.22,0.496
1.77271e+09,0.303295,-0.0327487,1.22185,-0.00924242,-0.0623954,-0.178413,0.302969,-0.0320531,1.21951,-0.442,0.004,0.22,0.497
1.77271e+09,0.303185,-0.0328936,1.21484,-0.00775117,-0.0529802,-0.185316,0.302969,-0.0320531,1.21951,-0.442,0.004,0.22,0.497
1.77271e+09,0.303185,-0.0328936,1.21484,-0.00775117,-0.0529802,-0.185316,0.302969,-0.0320531,1.21951,-0.442,0.004,0.22,0.497
1.77271e+09,0.30319,-0.0328294,1.21024,-0.0109836,-0.0566114,-0.183885,0.302969,-0.0320531,1.21951,-0.442,0.004,0.22,0.497
1.77271e+09,0.30319,-0.0328294,1.21024,-0.0109836,-0.0566114,-0.183885,0.302969,-0.0320531,1.21951,-0.442,0.004,0.22,0.497
1.77271e+09,0.303235,-0.0328267,1.20245,-0.00326105,-0.0606961,-0.182332,0.302686,-0.031964,1.2009,-0.442,0.008,0.228,0.495
1.77271e+09,0.303213,-0.032917,1.19539,-0.00869625,-0.0689687,-0.184971,0.302686,-0.031964,1.2009,-0.442,0.008,0.228,0.495
1.77271e+09,0.303213,-0.032917,1.19539,-0.00869625,-0.0689687,-0.184971,0.302686,-0.031964,1.2009,-0.442,0.008,0.228,0.495
1.77271e+09,0.303176,-0.0329612,1.19156,-0.0124913,-0.0531809,-0.183727,0.302686,-0.031964,1.2009,-0.442,0.008,0.228,0.495
1.77271e+09,0.303176,-0.0329612,1.19156,-0.0124913,-0.0531809,-0.183727,0.302686,-0.031964,1.2009,-0.442,0.008,0.228,0.495
1.77271e+09,0.303113,-0.0330142,1.1839,-0.00486835,-0.0579699,-0.184091,0.30245,-0.0318247,1.18083,-0.442,0.004,0.228,0.497
1.77271e+09,0.302902,-0.0329931,1.17625,-0.0117499,-0.0547741,-0.182833,0.30245,-0.0318247,1.18083,-0.442,0.004,0.228,0.497
1.77271e+09,0.302902,-0.0329931,1.17625,-0.0117499,-0.0547741,-0.182833,0.30245,-0.0318247,1.18083,-0.442,0.004,0.228,0.497
1.77271e+09,0.303001,-0.0328911,1.1717,0.000407316,-0.0532899,-0.186355,0.30245,-0.0318247,1.18083,-0.442,0.004,0.228,0.497
1.77271e+09,0.303001,-0.0328911,1.1717,0.000407316,-0.0532899,-0.186355,0.30245,-0.0318247,1.18083,-0.442,0.004,0.228,0.497
1.77271e+09,0.302843,-0.0329721,1.16467,-0.010761,-0.0615392,-0.184298,0.302293,-0.0315183,1.16237,-0.44,0.01,0.218,0.494
1.77271e+09,0.302868,-0.0332195,1.15697,-0.0120359,-0.0617501,-0.183445,0.302293,-0.0315183,1.16237,-0.44,0.01,0.218,0.494
1.77271e+09,0.302868,-0.0332195,1.15697,-0.0120359,-0.0617501,-0.183445,0.302293,-0.0315183,1.16237,-0.44,0.01,0.218,0.494
1.77271e+09,0.302787,-0.0332671,1.15233,-0.00792238,-0.0565807,-0.181562,0.302293,-0.0315183,1.16237,-0.44,0.01,0.218,0.494
1.77271e+09,0.302787,-0.0332671,1.15233,-0.00792238,-0.0565807,-0.181562,0.302293,-0.0315183,1.16237,-0.44,0.01,0.218,0.494
1.77271e+09,0.302726,-0.0333023,1.14546,-0.0101718,-0.0561364,-0.180126,0.302222,-0.0313585,1.14239,-0.44,0.006,0.228,0.496
1.77271e+09,0.3026,-0.033242,1.13696,-0.00534608,-0.0554047,-0.189086,0.302222,-0.0313585,1.14239,-0.44,0.006,0.228,0.496
1.77271e+09,0.3026,-0.033242,1.13696,-0.00534608,-0.0554047,-0.189086,0.302222,-0.0313585,1.14239,-0.44,0.006,0.228,0.496
1.77271e+09,0.302573,-0.0332135,1.13389,-0.00730132,-0.0567687,-0.182756,0.302222,-0.0313585,1.14239,-0.44,0.006,0.228,0.496
1.77271e+09,0.302573,-0.0332135,1.13389,-0.00730132,-0.0567687,-0.182756,0.302222,-0.0313585,1.14239,-0.44,0.006,0.228,0.496
1.77271e+09,0.30253,-0.0331786,1.12558,-0.00588642,-0.0507858,-0.181003,0.302156,-0.0313652,1.12404,-0.44,0.008,0.234,0.495
1.77271e+09,0.302541,-0.0330684,1.11798,-0.0100976,-0.0578045,-0.180281,0.302156,-0.0313652,1.12404,-0.44,0.008,0.234,0.495
1.77271e+09,0.302541,-0.0330684,1.11798,-0.0100976,-0.0578045,-0.180281,0.302156,-0.0313652,1.12404,-0.44,0.008,0.234,0.495
1.77271e+09,0.3025,-0.0330463,1.1141,-0.00898761,-0.0564588,-0.188111,0.302156,-0.0313652,1.12404,-0.44,0.008,0.234,0.495
1.77271e+09,0.3025,-0.0330463,1.1141,-0.00898761,-0.0564588,-0.188111,0.302156,-0.0313652,1.12404,-0.44,0.008,0.234,0.495
1.77271e+09,0.30235,-0.0331542,1.10721,-0.00484415,-0.0513942,-0.17101,0.302227,-0.0312301,1.10419,-0.44,0.004,0.222,0.497
1.77271e+09,0.302192,-0.0331129,1.09962,-0.00855111,-0.0527136,-0.181319,0.302227,-0.0312301,1.10419,-0.44,0.004,0.222,0.497
1.77271e+09,0.302192,-0.0331129,1.09962,-0.00855111,-0.0527136,-0.181319,0.302227,-0.0312301,1.10419,-0.44,0.004,0.222,0.497
1.77271e+09,0.302256,-0.033083,1.09583,-0.00248798,-0.0553302,-0.179773,0.302227,-0.0312301,1.10419,-0.44,0.004,0.222,0.497
1.77271e+09,0.302256,-0.033083,1.09583,-0.00248798,-0.0553302,-0.179773,0.302227,-0.0312301,1.10419,-0.44,0.004,0.222,0.497
1.77271e+09,0.302344,-0.0328189,1.08826,-0.00570055,-0.0508885,-0.181434,0.302293,-0.0313992,1.08596,-0.44,0.006,0.224,0.496
1.77271e+09,0.302345,-0.032765,1.08053,-0.00743105,-0.0535257,-0.177899,0.302293,-0.0313992,1.08596,-0.44,0.006,0.224,0.496
1.77271e+09,0.302345,-0.032765,1.08053,-0.00743105,-0.0535257,-0.177899,0.302293,-0.0313992,1.08596,-0.44,0.006,0.224,0.496
1.77271e+09,0.302285,-0.0327114,1.07673,-0.00944333,-0.0544616,-0.183079,0.302293,-0.0313992,1.08596,-0.44,0.006,0.224,0.496
1.77271e+09,0.302285,-0.0327114,1.07673,-0.00944333,-0.0544616,-0.183079,0.302293,-0.0313992,1.08596,-0.44,0.006,0.224,0.496
1.77271e+09,0.302294,-0.0326764,1.0691,-0.000778427,-0.0560237,-0.176042,0.302542,-0.0314274,1.06609,-0.44,0.008,0.226,0.495
1.77271e+09,0.302359,-0.0326963,1.06146,-0.0126156,-0.0559943,-0.181848,0.302542,-0.0314274,1.06609,-0.44,0.008,0.226,0.495
1.77271e+09,0.302359,-0.0326963,1.06146,-0.0126156,-0.0559943,-0.181848,0.302542,-0.0314274,1.06609,-0.44,0.008,0.226,0.495
1.77271e+09,0.302216,-0.0327172,1.05763,-0.0100449,-0.057049,-0.182598,0.302542,-0.0314274,1.06609,-0.44,0.008,0.226,0.495
1.77271e+09,0.302216,-0.0327172,1.05763,-0.0100449,-0.057049,-0.182598,0.302542,-0.0314274,1.06609,-0.44,0.008,0.226,0.495
1.77271e+09,0.302268,-0.0326905,1.04925,-0.00480228,-0.0601087,-0.180463,0.302763,-0.0312823,1.04772,-0.44,0.006,0.224,0.496
1.77271e+09,0.302322,-0.0327163,1.04227,-0.00504532,-0.058278,-0.185701,0.302763,-0.0312823,1.04772,-0.44,0.006,0.224,0.496
1.77271e+09,0.302322,-0.0327163,1.04227,-0.00504532,-0.058278,-0.185701,0.302763,-0.0312823,1.04772,-0.44,0.006,0.224,0.496
1.77271e+09,0.302293,-0.0326833,1.03845,-0.0058588,-0.0571296,-0.185968,0.302763,-0.0312823,1.04772,-0.44,0.006,0.224,0.496
1.77271e+09,0.302293,-0.0326833,1.03845,-0.0058588,-0.0571296,-0.185968,0.302763,-0.0312823,1.04772,-0.44,0.006,0.224,0.496
1.77271e+09,0.302382,-0.0327741,1.02985,-0.00281275,-0.0583252,-0.191572,0.302812,-0.0311692,1.02754,-0.44,0.006,0.228,0.496
1.77271e+09,0.302413,-0.0327388,1.023,-0.00632542,-0.0583662,-0.182769,0.302812,-0.0311692,1.02754,-0.44,0.006,0.228,0.496
1.77271e+09,0.302413,-0.0327388,1.023,-0.00632542,-0.0583662,-0.182769,0.302812,-0.0311692,1.02754,-0.44,0.006,0.228,0.496
1.77271e+09,0.302408,-0.0327621,1.01912,-0.00570349,-0.0619905,-0.184182,0.302812,-0.0311692,1.02754,-0.44,0.006,0.228,0.496
1.77271e+09,0.302408,-0.0327621,1.01912,-0.00570349,-0.0619905,-0.184182,0.302812,-0.0311692,1.02754,-0.44,0.006,0.228,0.496
1.77271e+09,0.302404,-0.0326915,1.01143,-0.00430952,-0.0499355,-0.186984,0.302893,-0.0310494,1.00912,-0.44,0.006,0.224,0.496
1.77271e+09,0.302479,-0.0326413,1.00373,-0.00314671,-0.0570457,-0.188095,0.302893,-0.0310494,1.00912,-0.44,0.006,0.224,0.496
1.77271e+09,0.302479,-0.0326413,1.00373,-0.00314671,-0.0570457,-0.188095,0.302893,-0.0310494,1.00912,-0.44,0.006,0.224,0.496
1.77271e+09,0.302451,-0.0326667,0.999036,-0.00604311,-0.0611948,-0.186938,0.302893,-0.0310494,1.00912,-0.44,0.006,0.224,0.496
1.77271e+09,0.302451,-0.0326667,0.999036,-0.00604311,-0.0611948,-0.186938,0.302893,-0.0310494,1.00912,-0.44,0.006,0.224,0.496
1.77271e+09,0.302477,-0.0326976,0.99134,-0.0120767,-0.055463,-0.187701,0.302778,-0.0309422,0.989024,-0.44,0.006,0.23,0.496
1.77271e+09,0.302524,-0.0326006,0.984474,0.000544742,-0.057005,-0.176143,0.302778,-0.0309422,0.989024,-0.44,0.006,0.23,0.496
1.77271e+09,0.302524,-0.0326006,0.984474,0.000544742,-0.057005,-0.176143,0.302778,-0.0309422,0.989024,-0.44,0.006,0.23,0.496
1.77271e+09,0.302529,-0.0326149,0.979916,-0.00998688,-0.0575914,-0.184226,0.302778,-0.0309422,0.989024,-0.44,0.006,0.23,0.496
1.77271e+09,0.302529,-0.0326149,0.979916,-0.00998688,-0.0575914,-0.184226,0.302778,-0.0309422,0.989024,-0.44,0.006,0.23,0.496
1.77271e+09,0.302469,-0.0324891,0.972179,-0.00690961,-0.0537871,-0.186381,0.302888,-0.0308498,0.970666,-0.44,0.006,0.226,0.496
1.77271e+09,0.302472,-0.0325654,0.965279,-0.00134554,-0.0641018,-0.185587,0.302888,-0.0308498,0.970666,-0.44,0.006,0.226,0.496
1.77271e+09,0.302472,-0.0325654,0.965279,-0.00134554,-0.0641018,-0.185587,0.302888,-0.0308498,0.970666,-0.44,0.006,0.226,0.496
1.77271e+09,0.302538,-0.0325305,0.960704,-0.00330311,-0.0519576,-0.181393,0.302888,-0.0308498,0.970666,-0.44,0.006,0.226,0.496
1.77271e+09,0.302538,-0.0325305,0.960704,-0.00330311,-0.0519576,-0.181393,0.302888,-0.0308498,0.970666,-0.44,0.006,0.226,0.496
1.77271e+09,0.302529,-0.0326257,0.95384,-0.00679511,-0.0587516,-0.181222,0.302858,-0.030803,0.95084,-0.44,0.006,0.228,0.496
1.77271e+09,0.302571,-0.0324844,0.94623,-0.00965801,-0.0521714,-0.178506,0.302858,-0.030803,0.95084,-0.44,0.006,0.228,0.496
1.77271e+09,0.302571,-0.0324844,0.94623,-0.00965801,-0.0521714,-0.178506,0.302858,-0.030803,0.95084,-0.44,0.006,0.228,0.496
1.77271e+09,0.302593,-0.0324059,0.942462,-0.00306569,-0.0527893,-0.184591,0.302858,-0.030803,0.95084,-0.44,0.006,0.228,0.496
1.77271e+09,0.302593,-0.0324059,0.942462,-0.00306569,-0.0527893,-0.184591,0.302858,-0.030803,0.95084,-0.44,0.006,0.228,0.496
1.77271e+09,0.302667,-0.0322745,0.934748,-0.00649723,-0.060662,-0.179319,0.30292,-0.0308052,0.932449,-0.44,0.008,0.226,0.495
1.77271e+09,0.302788,-0.0323475,0.927059,-0.00905023,-0.0605362,-0.183218,0.30292,-0.0308052,0.932449,-0.44,0.008,0.226,0.495
1.77271e+09,0.302788,-0.0323475,0.927059,-0.00905023,-0.0605362,-0.183218,0.30292,-0.0308052,0.932449,-0.44,0.008,0.226,0.495
1.77271e+09,0.302704,-0.0324154,0.923215,-0.0102629,-0.0591314,-0.182452,0.30292,-0.0308052,0.932449,-0.44,0.008,0.226,0.495
1.77271e+09,0.302704,-0.0324154,0.923215,-0.0102629,-0.0591314,-0.182452,0.30292,-0.0308052,0.932449,-0.44,0.008,0.226,0.495
1.77271e+09,0.302641,-0.0323983,0.915398,-0.00992013,-0.058259,-0.18126,0.303131,-0.0306422,0.912449,-0.44,0.008,0.22,0.495
1.77271e+09,0.302686,-0.0324467,0.907851,-0.00329807,-0.0591263,-0.184395,0.303131,-0.0306422,0.912449,-0.44,0.008,0.22,0.495
1.77271e+09,0.302686,-0.0324467,0.907851,-0.00329807,-0.0591263,-0.184395,0.303131,-0.0306422,0.912449,-0.44,0.008,0.22,0.495
1.77271e+09,0.30266,-0.0325109,0.904037,-0.00568982,-0.056611,-0.182185,0.303131,-0.0306422,0.912449,-0.44,0.008,0.22,0.495
1.77271e+09,0.30266,-0.0325109,0.904037,-0.00568982,-0.056611,-0.182185,0.303131,-0.0306422,0.912449,-0.44,0.008,0.22,0.495
1.77271e+09,0.302776,-0.0323829,0.896369,-0.00428788,-0.0544938,-0.179799,0.303434,-0.0306923,0.894069,-0.44,0.006,0.226,0.496
1.77271e+09,0.302846,-0.0322281,0.888726,-0.00401426,-0.0472105,-0.187863,0.303434,-0.0306923,0.894069,-0.44,0.006,0.226,0.496
1.77271e+09,0.302846,-0.0322281,0.888726,-0.00401426,-0.0472105,-0.187863,0.303434,-0.0306923,0.894069,-0.44,0.006,0.226,0.496
1.77271e+09,0.30285,-0.0320448,0.884881,-0.00628234,-0.052556,-0.181975,0.303434,-0.0306923,0.894069,-0.44,0.006,0.226,0.496
1.77271e+09,0.30285,-0.0320448,0.884881,-0.00628234,-0.052556,-0.181975,0.303434,-0.0306923,0.894069,-0.44,0.006,0.226,0.496
1.77271e+09,0.302855,-0.0320722,0.87729,-0.00384261,-0.0582171,-0.182185,0.303677,-0.0308326,0.874248,-0.44,0.006,0.232,0.496
1.77271e+09,0.302907,-0.031979,0.869682,-0.00388746,-0.0571695,-0.182117,0.303677,-0.0308326,0.874248,-0.44,0.006,0.232,0.496
1.77271e+09,0.302907,-0.031979,0.869682,-0.00388746,-0.0571695,-0.182117,0.303677,-0.0308326,0.874248,-0.44,0.006,0.232,0.496
1.77271e+09,0.302949,-0.0320051,0.865822,-0.00210368,-0.0618124,-0.183788,0.303677,-0.0308326,0.874248,-0.44,0.006,0.232,0.496
1.77271e+09,0.302949,-0.0320051,0.865822,-0.00210368,-0.0618124,-0.183788,0.303677,-0.0308326,0.874248,-0.44,0.006,0.232,0.496
1.77271e+09,0.303004,-0.0320148,0.858093,-0.00153618,-0.0612773,-0.184315,0.303835,-0.0307129,0.855795,-0.44,0.008,0.228,0.495
1.77271e+09,0.303154,-0.0320364,0.849599,-0.00535482,-0.0583369,-0.187367,0.303835,-0.0307129,0.855795,-0.44,0.008,0.228,0.495
1.77271e+09,0.303154,-0.0320364,0.849599,-0.00535482,-0.0583369,-0.187367,0.303835,-0.0307129,0.855795,-0.44,0.008,0.228,0.495
1.77271e+09,0.303188,-0.0321006,0.84651,-0.00869027,-0.0625442,-0.185304,0.303835,-0.0307129,0.855795,-0.44,0.008,0.228,0.495
1.77271e+09,0.303188,-0.0321006,0.84651,-0.00869027,-0.0625442,-0.185304,0.303835,-0.0307129,0.855795,-0.44,0.008,0.228,0.495
1.77271e+09,0.303196,-0.0322077,0.838713,-0.0027208,-0.0545601,-0.184516,0.303886,-0.030452,0.835626,-0.44,0.006,0.23,0.496
1.77271e+09,0.303203,-0.0321931,0.831021,-0.00789396,-0.0592611,-0.184894,0.303886,-0.030452,0.835626,-0.44,0.006,0.23,0.496
1.77271e+09,0.303203,-0.0321931,0.831021,-0.00789396,-0.0592611,-0.184894,0.303886,-0.030452,0.835626,-0.44,0.006,0.23,0.496
1.77271e+09,0.303227,-0.0322234,0.82713,-0.00386437,-0.0550096,-0.185918,0.303886,-0.030452,0.835626,-0.44,0.006,0.23,0.496
1.77271e+09,0.303227,-0.0322234,0.82713,-0.00386437,-0.0550096,-0.185918,0.303886,-0.030452,0.835626,-0.44,0.006,0.23,0.496
1.77271e+09,0.303398,-0.0323413,0.819425,-0.000107157,-0.059564,-0.180043,0.303907,-0.0301833,0.817137,-0.44,0.006,0.22,0.496
1.77271e+09,0.303455,-0.0324458,0.81175,-0.00234056,-0.0602178,-0.188642,0.303907,-0.0301833,0.817137,-0.44,0.006,0.22,0.496
1.77271e+09,0.303455,-0.0324458,0.81175,-0.00234056,-0.0602178,-0.188642,0.303907,-0.0301833,0.817137,-0.44,0.006,0.22,0.496
1.77271e+09,0.303512,-0.032382,0.807118,-0.00453741,-0.0509508,-0.182493,0.303907,-0.0301833,0.817137,-0.44,0.006,0.22,0.496
1.77271e+09,0.303512,-0.032382,0.807118,-0.00453741,-0.0509508,-0.182493,0.303907,-0.0301833,0.817137,-0.44,0.006,0.22,0.496
1.77271e+09,0.303392,-0.0321323,0.800249,-0.00746212,-0.0565671,-0.184337,0.303995,-0.0302704,0.797161,-0.44,0.006,0.224,0.496
1.77271e+09,0.303537,-0.0320838,0.792602,-0.00103493,-0.0533299,-0.186685,0.303995,-0.0302704,0.797161,-0.44,0.006,0.224,0.496
1.77271e+09,0.303537,-0.0320838,0.792602,-0.00103493,-0.0533299,-0.186685,0.303995,-0.0302704,0.797161,-0.44,0.006,0.224,0.496
1.77271e+09,0.303528,-0.0320865,0.788782,-0.00589242,-0.0551385,-0.18465,0.303995,-0.0302704,0.797161,-0.44,0.006,0.224,0.496
1.77271e+09,0.303528,-0.0320865,0.788782,-0.00589242,-0.0551385,-0.18465,0.303995,-0.0302704,0.797161,-0.44,0.006,0.224,0.496
1.77271e+09,0.303573,-0.0319219,0.78118,-0.0100411,-0.0516663,-0.184291,0.304288,-0.0303691,0.77884,-0.44,0.008,0.222,0.495
1.77271e+09,0.303678,-0.0319918,0.773425,-0.00999054,-0.0579475,-0.180672,0.304288,-0.0303691,0.77884,-0.44,0.008,0.222,0.495
1.77271e+09,0.303678,-0.0319918,0.773425,-0.00999054,-0.0579475,-0.180672,0.304288,-0.0303691,0.77884,-0.44,0.008,0.222,0.495
1.77271e+09,0.303592,-0.0319645,0.769567,-0.00344321,-0.051953,-0.181641,0.304288,-0.0303691,0.77884,-0.44,0.008,0.222,0.495
1.77271e+09,0.303592,-0.0319645,0.769567,-0.00344321,-0.051953,-0.181641,0.304288,-0.0303691,0.77884,-0.44,0.008,0.222,0.495
1.77271e+09,0.303713,-0.031851,0.761833,-0.00630759,-0.0610574,-0.185803,0.304408,-0.0302795,0.758675,-0.44,0.006,0.22,0.496
1.77271e+09,0.303739,-0.0319298,0.753992,-0.004649,-0.052937,-0.17962,0.304408,-0.0302795,0.758675,-0.44,0.006,0.22,0.496
1.77271e+09,0.303739,-0.0319298,0.753992,-0.004649,-0.052937,-0.17962,0.304408,-0.0302795,0.758675,-0.44,0.006,0.22,0.496
1.77271e+09,0.303804,-0.0318771,0.750215,0.000676463,-0.0558958,-0.185068,0.304408,-0.0302795,0.758675,-0.44,0.006,0.22,0.496
1.77271e+09,0.303804,-0.0318771,0.750215,0.000676463,-0.0558958,-0.185068,0.304408,-0.0302795,0.758675,-0.44,0.006,0.22,0.496
1.77271e+09,0.303832,-0.0319436,0.742632,-0.00570634,-0.0585144,-0.183424,0.30449,-0.0303546,0.740275,-0.44,0.006,0.232,0.496
1.77271e+09,0.303836,-0.0319099,0.734185,-0.00864016,-0.0589491,-0.186508,0.30449,-0.0303546,0.740275,-0.44,0.006,0.232,0.496
1.77271e+09,0.303836,-0.0319099,0.734185,-0.00864016,-0.0589491,-0.186508,0.30449,-0.0303546,0.740275,-0.44,0.006,0.232,0.496
1.77271e+09,0.303909,-0.0318852,0.731004,-0.00069355,-0.0571366,-0.190258,0.30449,-0.0303546,0.740275,-0.44,0.006,0.232,0.496
1.77271e+09,0.303909,-0.0318852,0.731004,-0.00069355,-0.0571366,-0.190258,0.30449,-0.0303546,0.740275,-0.44,0.006,0.232,0.496
1.77271e+09,0.303997,-0.0319769,0.723275,-0.00559343,-0.0583324,-0.185099,0.304576,-0.0301593,0.720144,-0.44,0.006,0.226,0.496
1.77271e+09,0.304015,-0.0319256,0.715483,-0.00975354,-0.0620222,-0.183046,0.304576,-0.0301593,0.720144,-0.44,0.006,0.226,0.496
1.77271e+09,0.304015,-0.0319256,0.715483,-0.00975354,-0.0620222,-0.183046,0.304576,-0.0301593,0.720144,-0.44,0.006,0.226,0.496
1.77271e+09,0.304045,-0.0320074,0.710798,-0.00413757,-0.0618572,-0.181013,0.304576,-0.0301593,0.720144,-0.44,0.006,0.226,0.496
1.77271e+09,0.304045,-0.0320074,0.710798,-0.00413757,-0.0618572,-0.181013,0.304576,-0.0301593,0.720144,-0.44,0.006,0.226,0.496
1.77271e+09,0.304086,-0.0321033,0.703798,0.000525619,-0.056609,-0.182398,0.30453,-0.0299884,0.701464,-0.438,0.008,0.23,0.495
1.77271e+09,0.304221,-0.0319265,0.6961,-0.00729901,-0.057323,-0.18387,0.30453,-0.0299884,0.701464,-0.438,0.008,0.23,0.495
1.77271e+09,0.304221,-0.0319265,0.6961,-0.00729901,-0.057323,-0.18387,0.30453,-0.0299884,0.701464,-0.438,0.008,0.23,0.495
1.77271e+09,0.304149,-0.0319133,0.692214,-0.0102994,-0.057816,-0.182185,0.30453,-0.0299884,0.701464,-0.438,0.008,0.23,0.495
1.77271e+09,0.304149,-0.0319133,0.692214,-0.0102994,-0.057816,-0.182185,0.30453,-0.0299884,0.701464,-0.438,0.008,0.23,0.495
1.77271e+09,0.30411,-0.0318994,0.684435,-0.0065245,-0.0593676,-0.184258,0.304428,-0.0298895,0.681324,-0.438,0.006,0.22,0.496
1.77271e+09,0.304145,-0.0320026,0.6759,-0.00676675,-0.0578597,-0.188102,0.304428,-0.0298895,0.681324,-0.438,0.006,0.22,0.496
1.77271e+09,0.304145,-0.0320026,0.6759,-0.00676675,-0.0578597,-0.188102,0.304428,-0.0298895,0.681324,-0.438,0.006,0.22,0.496
1.77271e+09,0.304165,-0.0319659,0.671969,-0.00648357,-0.0569285,-0.185417,0.304428,-0.0298895,0.681324,-0.438,0.006,0.22,0.496
1.77271e+09,0.304165,-0.0319659,0.671969,-0.00648357,-0.0569285,-0.185417,0.304428,-0.0298895,0.681324,-0.438,0.006,0.22,0.496
1.77271e+09,0.304193,-0.0319557,0.66417,-0.0093964,-0.0546465,-0.188832,0.304302,-0.0298175,0.662605,-0.438,0.008,0.226,0.495
1.77271e+09,0.304277,-0.0318684,0.656379,-0.0075768,-0.0581559,-0.186076,0.304302,-0.0298175,0.662605,-0.438,0.008,0.226,0.495
1.77271e+09,0.304277,-0.0318684,0.656379,-0.0075768,-0.0581559,-0.186076,0.304302,-0.0298175,0.662605,-0.438,0.008,0.226,0.495
1.77271e+09,0.304219,-0.031917,0.653274,-0.00827247,-0.0602681,-0.183849,0.304302,-0.0298175,0.662605,-0.438,0.008,0.226,0.495
1.77271e+09,0.304219,-0.031917,0.653274,-0.00827247,-0.0602681,-0.183849,0.304302,-0.0298175,0.662605,-0.438,0.008,0.226,0.495
1.77271e+09,0.304284,-0.0317376,0.645543,-0.0149593,-0.0523575,-0.187498,0.304254,-0.0298085,0.642448,-0.438,0.008,0.226,0.495
1.77271e+09,0.304312,-0.0317057,0.637884,-0.00499178,-0.0584274,-0.182913,0.304254,-0.0298085,0.642448,-0.438,0.008,0.226,0.495
1.77271e+09,0.304312,-0.0317057,0.637884,-0.00499178,-0.0584274,-0.182913,0.304254,-0.0298085,0.642448,-0.438,0.008,0.226,0.495
1.77271e+09,0.304255,-0.0316897,0.633269,-0.00878504,-0.0562497,-0.182593,0.304254,-0.0298085,0.642448,-0.438,0.008,0.226,0.495
1.77271e+09,0.304255,-0.0316897,0.633269,-0.00878504,-0.0562497,-0.182593,0.304254,-0.0298085,0.642448,-0.438,0.008,0.226,0.495
1.77271e+09,0.304292,-0.0316527,0.625643,-0.00507143,-0.060239,-0.18426,0.304354,-0.0298553,0.624082,-0.438,0.008,0.224,0.495
1.77271e+09,0.304327,-0.0315082,0.618652,-0.00369766,-0.0510397,-0.187987,0.304354,-0.0298553,0.624082,-0.438,0.008,0.224,0.495
1.77271e+09,0.304327,-0.0315082,0.618652,-0.00369766,-0.0510397,-0.187987,0.304354,-0.0298553,0.624082,-0.438,0.008,0.224,0.495
1.77271e+09,0.304364,-0.0315031,0.614787,-0.00620583,-0.061334,-0.185878,0.304354,-0.0298553,0.624082,-0.438,0.008,0.224,0.495
1.77271e+09,0.304364,-0.0315031,0.614787,-0.00620583,-0.061334,-0.185878,0.304354,-0.0298553,0.624082,-0.438,0.008,0.224,0.495
1.77271e+09,0.30426,-0.0314223,0.60712,-0.00251403,-0.0598753,-0.183219,0.303948,-0.0299399,0.604038,-0.438,0.006,0.224,0.496
1.77271e+09,0.304347,-0.0314966,0.598549,-0.00868849,-0.0578107,-0.186393,0.303948,-0.0299399,0.604038,-0.438,0.006,0.224,0.496
1.77271e+09,0.304347,-0.0314966,0.598549,-0.00868849,-0.0578107,-0.186393,0.303948,-0.0299399,0.604038,-0.438,0.006,0.224,0.496
1.77271e+09,0.304426,-0.0315223,0.594681,-0.000871026,-0.0597678,-0.182967,0.303948,-0.0299399,0.604038,-0.438,0.006,0.224,0.496
1.77271e+09,0.304426,-0.0315223,0.594681,-0.000871026,-0.0597678,-0.182967,0.303948,-0.0299399,0.604038,-0.438,0.006,0.224,0.496
1.77271e+09,0.304317,-0.0315243,0.587727,-0.00683445,-0.0565061,-0.183118,0.30364,-0.0298735,0.585435,-0.438,0.006,0.228,0.496
1.77271e+09,0.3043,-0.031527,0.579281,-0.00935136,-0.058225,-0.183988,0.30364,-0.0298735,0.585435,-0.438,0.006,0.228,0.496
1.77271e+09,0.3043,-0.031527,0.579281,-0.00935136,-0.058225,-0.183988,0.30364,-0.0298735,0.585435,-0.438,0.006,0.228,0.496
1.77271e+09,0.304276,-0.0315289,0.576196,-0.00679958,-0.060243,-0.184928,0.30364,-0.0298735,0.585435,-0.438,0.006,0.228,0.496
1.77271e+09,0.304276,-0.0315289,0.576196,-0.00679958,-0.060243,-0.184928,0.30364,-0.0298735,0.585435,-0.438,0.006,0.228,0.496
1.77271e+09,0.3043,-0.0315158,0.568413,-0.00523215,-0.0580423,-0.186725,0.30343,-0.0299459,0.565368,-0.438,0.006,0.226,0.496
1.77271e+09,0.304139,-0.0313946,0.560761,-0.00758088,-0.0535935,-0.187067,0.30343,-0.0299459,0.565368,-0.438,0.006,0.226,0.496
1.77271e+09,0.304139,-0.0313946,0.560761,-0.00758088,-0.0535935,-0.187067,0.30343,-0.0299459,0.565368,-0.438,0.006,0.226,0.496
1.77271e+09,0.304104,-0.0313702,0.55683,-0.00667243,-0.0556748,-0.184515,0.30343,-0.0299459,0.565368,-0.438,0.006,0.226,0.496
1.77271e+09,0.304104,-0.0313702,0.55683,-0.00667243,-0.0556748,-0.184515,0.30343,-0.0299459,0.565368,-0.438,0.006,0.226,0.496
1.77271e+09,0.30405,-0.0312556,0.549176,-0.0113459,-0.0511358,-0.181815,0.303286,-0.0300683,0.546844,-0.44,0.006,0.23,0.496
1.77271e+09,0.303884,-0.0311322,0.541422,-0.0101653,-0.0553985,-0.186132,0.303286,-0.0300683,0.546844,-0.44,0.006,0.23,0.496
1.77271e+09,0.303884,-0.0311322,0.541422,-0.0101653,-0.0553985,-0.186132,0.303286,-0.0300683,0.546844,-0.44,0.006,0.23,0.496
1.77271e+09,0.303868,-0.031184,0.537532,-0.00492302,-0.0635821,-0.18373,0.303286,-0.0300683,0.546844,-0.44,0.006,0.23,0.496
1.77271e+09,0.303868,-0.031184,0.537532,-0.00492302,-0.0635821,-0.18373,0.303286,-0.0300683,0.546844,-0.44,0.006,0.23,0.496
1.77271e+09,0.303812,-0.0314242,0.529791,-0.00530316,-0.0554362,-0.180691,0.303153,-0.0298718,0.526751,-0.438,0.008,0.226,0.495
1.77271e+09,0.303732,-0.0314127,0.521331,-0.00804513,-0.0597457,-0.181043,0.303153,-0.0298718,0.526751,-0.438,0.008,0.226,0.495
1.77271e+09,0.303732,-0.0314127,0.521331,-0.00804513,-0.0597457,-0.181043,0.303153,-0.0298718,0.526751,-0.438,0.008,0.226,0.495
1.77271e+09,0.303671,-0.0315137,0.5174,-0.00512098,-0.0676705,-0.18767,0.303153,-0.0298718,0.526751,-0.438,0.008,0.226,0.495
1.77271e+09,0.303671,-0.0315137,0.5174,-0.00512098,-0.0676705,-0.18767,0.303153,-0.0298718,0.526751,-0.438,0.008,0.226,0.495
1.77271e+09,0.303551,-0.0313942,0.509675,-0.00565113,-0.0542141,-0.181713,0.303058,-0.0299392,0.508123,-0.44,0.006,0.232,0.496
1.77271e+09,0.30357,-0.0313008,0.502765,-0.00534497,-0.0568673,-0.184715,0.303058,-0.0299392,0.508123,-0.44,0.006,0.232,0.496
1.77271e+09,0.30357,-0.0313008,0.502765,-0.00534497,-0.0568673,-0.184715,0.303058,-0.0299392,0.508123,-0.44,0.006,0.232,0.496
1.77271e+09,0.303566,-0.0313356,0.498914,-0.0102593,-0.0558192,-0.181567,0.303058,-0.0299392,0.508123,-0.44,0.006,0.232,0.496
1.77271e+09,0.303566,-0.0313356,0.498914,-0.0102593,-0.0558192,-0.181567,0.303058,-0.0299392,0.508123,-0.44,0.006,0.232,0.496
1.77271e+09,0.303492,-0.0312947,0.491193,-0.00345475,-0.0530191,-0.180967,0.303007,-0.0299646,0.488151,-0.44,0.006,0.22,0.496
1.77271e+09,0.30347,-0.0312935,0.483538,-0.00428183,-0.0527348,-0.189106,0.303007,-0.0299646,0.488151,-0.44,0.006,0.22,0.496
1.77271e+09,0.30347,-0.0312935,0.483538,-0.00428183,-0.0527348,-0.189106,0.303007,-0.0299646,0.488151,-0.44,0.006,0.22,0.496
1.77271e+09,0.303459,-0.0311905,0.478931,-0.00663996,-0.0527677,-0.188083,0.303007,-0.0299646,0.488151,-0.44,0.006,0.22,0.496
1.77271e+09,0.303459,-0.0311905,0.478931,-0.00663996,-0.0527677,-0.188083,0.303007,-0.0299646,0.488151,-0.44,0.006,0.22,0.496
1.77271e+09,0.303387,-0.0313032,0.471264,-0.00523432,-0.0600792,-0.182696,0.302988,-0.0300145,0.469717,-0.44,0.006,0.226,0.496
1.77271e+09,0.303309,-0.0312655,0.463583,-0.00627383,-0.0527136,-0.187906,0.302988,-0.0300145,0.469717,-0.44,0.006,0.226,0.496
1.77271e+09,0.303309,-0.0312655,0.463583,-0.00627383,-0.0527136,-0.187906,0.302988,-0.0300145,0.469717,-0.44,0.006,0.226,0.496
1.77271e+09,0.30332,-0.031234,0.459786,-0.00406222,-0.0571654,-0.183481,0.302988,-0.0300145,0.469717,-0.44,0.006,0.226,0.496
1.77271e+09,0.30332,-0.031234,0.459786,-0.00406222,-0.0571654,-0.183481,0.302988,-0.0300145,0.469717,-0.44,0.006,0.226,0.496
1.77271e+09,0.303186,-0.0313285,0.452827,-0.00915103,-0.0575545,-0.181066,0.302916,-0.0299407,0.449714,-0.44,0.008,0.23,0.495
1.77271e+09,0.303276,-0.0312226,0.444251,-0.00404389,-0.0550973,-0.186032,0.302916,-0.0299407,0.449714,-0.44,0.008,0.23,0.495
1.77271e+09,0.303276,-0.0312226,0.444251,-0.00404389,-0.0550973,-0.186032,0.302916,-0.0299407,0.449714,-0.44,0.008,0.23,0.495
1.77271e+09,0.303204,-0.0312866,0.441131,-0.0126137,-0.0618739,-0.183388,0.302916,-0.0299407,0.449714,-0.44,0.008,0.23,0.495
1.77271e+09,0.303204,-0.0312866,0.441131,-0.0126137,-0.0618739,-0.183388,0.302916,-0.0299407,0.449714,-0.44,0.008,0.23,0.495
1.77271e+09,0.303137,-0.0313776,0.433391,-0.00497693,-0.0568076,-0.182955,0.303044,-0.0297703,0.431068,-0.44,0.008,0.224,0.495
1.77271e+09,0.303201,-0.0315044,0.425667,-0.00746438,-0.0606519,-0.185853,0.303044,-0.0297703,0.431068,-0.44,0.008,0.224,0.495
1.77271e+09,0.303201,-0.0315044,0.425667,-0.00746438,-0.0606519,-0.185853,0.303044,-0.0297703,0.431068,-0.44,0.008,0.224,0.495
1.77271e+09,0.303193,-0.031492,0.420916,-0.00726636,-0.0548613,-0.192433,0.303044,-0.0297703,0.431068,-0.44,0.008,0.224,0.495
1.77271e+09,0.303193,-0.031492,0.420916,-0.00726636,-0.0548613,-0.192433,0.303044,-0.0297703,0.431068,-0.44,0.008,0.224,0.495
1.77271e+09,0.303129,-0.0315163,0.414049,-0.00121321,-0.0585877,-0.179143,0.303095,-0.0297227,0.411077,-0.44,0.006,0.226,0.496
1.77271e+09,0.303105,-0.0314483,0.406486,-0.00923929,-0.0507214,-0.186112,0.303095,-0.0297227,0.411077,-0.44,0.006,0.226,0.496
1.77271e+09,0.303105,-0.0314483,0.406486,-0.00923929,-0.0507214,-0.186112,0.303095,-0.0297227,0.411077,-0.44,0.006,0.226,0.496
1.77271e+09,0.303115,-0.0313085,0.401915,-0.00244417,-0.0547128,-0.183056,0.303095,-0.0297227,0.411077,-0.44,0.006,0.226,0.496
1.77271e+09,0.303115,-0.0313085,0.401915,-0.00244417,-0.0547128,-0.183056,0.303095,-0.0297227,0.411077,-0.44,0.006,0.226,0.496
1.77271e+09,0.303107,-0.0312815,0.395044,-0.0081477,-0.0544255,-0.185276,0.303332,-0.0297018,0.392748,-0.44,0.006,0.222,0.496
1.77271e+09,0.303147,-0.0313371,0.386566,0.00249622,-0.0621129,-0.186819,0.303332,-0.0297018,0.392748,-0.44,0.006,0.222,0.496
1.77271e+09,0.303147,-0.0313371,0.386566,0.00249622,-0.0621129,-0.186819,0.303332,-0.0297018,0.392748,-0.44,0.006,0.222,0.496
1.77271e+09,0.303134,-0.03139,0.383541,-0.00993351,-0.0592231,-0.177676,0.303332,-0.0297018,0.392748,-0.44,0.006,0.222,0.496
1.77271e+09,0.303134,-0.03139,0.383541,-0.00993351,-0.0592231,-0.177676,0.303332,-0.0297018,0.392748,-0.44,0.006,0.222,0.496
1.77271e+09,0.30313,-0.0313045,0.375838,-0.00469216,-0.0524024,-0.185248,0.303543,-0.0297472,0.372735,-0.44,0.006,0.218,0.496
1.77271e+09,0.303209,-0.0312378,0.368052,-0.0077736,-0.0509858,-0.18538,0.303543,-0.0297472,0.372735,-0.44,0.006,0.218,0.496
1.77271e+09,0.303209,-0.0312378,0.368052,-0.0077736,-0.0509858,-0.18538,0.303543,-0.0297472,0.372735,-0.44,0.006,0.218,0.496
1.77271e+09,0.30323,-0.03123,0.364213,-0.00100983,-0.0562728,-0.181954,0.303543,-0.0297472,0.372735,-0.44,0.006,0.218,0.496
1.77271e+09,0.30323,-0.03123,0.364213,-0.00100983,-0.0562728,-0.181954,0.303543,-0.0297472,0.372735,-0.44,0.006,0.218,0.496
1.77271e+09,0.303346,-0.0312356,0.356583,-0.005895,-0.0534798,-0.184961,0.303586,-0.0297859,0.354281,-0.44,0.006,0.22,0.496
1.77271e+09,0.303301,-0.0312928,0.348116,-0.00973021,-0.0579846,-0.181446,0.303586,-0.0297859,0.354281,-0.44,0.006,0.22,0.496
1.77271e+09,0.303301,-0.0312928,0.348116,-0.00973021,-0.0579846,-0.181446,0.303586,-0.0297859,0.354281,-0.44,0.006,0.22,0.496
1.77271e+09,0.303316,-0.0312244,0.344367,-0.00412028,-0.0517506,-0.18077,0.303586,-0.0297859,0.354281,-0.44,0.006,0.22,0.496
1.77271e+09,0.303316,-0.0312244,0.344367,-0.00412028,-0.0517506,-0.18077,0.303586,-0.0297859,0.354281,-0.44,0.006,0.22,0.496
1.77271e+09,0.303303,-0.0310445,0.336626,-0.0060145,-0.0464643,-0.184557,0.303603,-0.0298715,0.334365,-0.44,0.006,0.228,0.496
1.77271e+09,0.303402,-0.0311015,0.329723,-0.00372203,-0.0651833,-0.183811,0.303603,-0.0298715,0.334365,-0.44,0.006,0.228,0.496
1.77271e+09,0.303402,-0.0311015,0.329723,-0.00372203,-0.0651833,-0.183811,0.303603,-0.0298715,0.334365,-0.44,0.006,0.228,0.496
1.77271e+09,0.303456,-0.0311422,0.325117,-0.00200325,-0.0585986,-0.179247,0.303603,-0.0298715,0.334365,-0.44,0.006,0.228,0.496
1.77271e+09,0.303456,-0.0311422,0.325117,-0.00200325,-0.0585986,-0.179247,0.303603,-0.0298715,0.334365,-0.44,0.006,0.228,0.496
1.77271e+09,0.303392,-0.0311529,0.31822,-0.00938797,-0.0574835,-0.182993,0.303713,-0.0298666,0.315935,-0.44,0.006,0.23,0.496
1.77271e+09,0.303425,-0.0310319,0.309822,-0.00670552,-0.0617821,-0.18314,0.303713,-0.0298666,0.315935,-0.44,0.006,0.23,0.496
1.77271e+09,0.303425,-0.0310319,0.309822,-0.00670552,-0.0617821,-0.18314,0.303713,-0.0298666,0.315935,-0.44,0.006,0.23,0.496
1.77271e+09,0.30342,-0.0310929,0.306689,-0.00664853,-0.0591811,-0.186327,0.303713,-0.0298666,0.315935,-0.44,0.006,0.23,0.496
1.77271e+09,0.30342,-0.0310929,0.306689,-0.00664853,-0.0591811,-0.186327,0.303713,-0.0298666,0.315935,-0.44,0.006,0.23,0.496
1.77271e+09,0.303467,-0.0312424,0.299021,-0.00195231,-0.0582663,-0.186857,0.303694,-0.0298489,0.295882,-0.44,0.006,0.222,0.496
1.77271e+09,0.303568,-0.0313153,0.29041,-0.00262758,-0.0572462,-0.184591,0.303694,-0.0298489,0.295882,-0.44,0.006,0.222,0.496
1.77271e+09,0.303568,-0.0313153,0.29041,-0.00262758,-0.0572462,-0.184591,0.303694,-0.0298489,0.295882,-0.44,0.006,0.222,0.496
1.77271e+09,0.303651,-0.0313067,0.287327,-0.00242758,-0.0579076,-0.183937,0.303694,-0.0298489,0.295882,-0.44,0.006,0.222,0.496
1.77271e+09,0.303651,-0.0313067,0.287327,-0.00242758,-0.0579076,-0.183937,0.303694,-0.0298489,0.295882,-0.44,0.006,0.222,0.496
1.77271e+09,0.303552,-0.0313041,0.279566,-0.00948135,-0.0606577,-0.184299,0.303645,-0.0298201,0.277304,-0.44,0.008,0.228,0.495
1.77271e+09,0.303619,-0.0313552,0.271183,-0.00107265,-0.0607091,-0.181991,0.303645,-0.0298201,0.277304,-0.44,0.008,0.228,0.495
1.77271e+09,0.303619,-0.0313552,0.271183,-0.00107265,-0.0607091,-0.181991,0.303645,-0.0298201,0.277304,-0.44,0.008,0.228,0.495
1.77271e+09,0.303579,-0.0313046,0.268119,-0.0114202,-0.0555408,-0.187147,0.303645,-0.0298201,0.277304,-0.44,0.008,0.228,0.495
1.77271e+09,0.303579,-0.0313046,0.268119,-0.0114202,-0.0555408,-0.187147,0.303645,-0.0298201,0.277304,-0.44,0.008,0.228,0.495
1.77271e+09,0.303472,-0.0314831,0.260378,-0.00719412,-0.060742,-0.177768,0.303472,-0.0296366,0.257264,-0.44,0.004,0.224,0.497
1.77271e+09,0.303349,-0.031527,0.252653,-0.00640073,-0.0534028,-0.182792,0.303472,-0.0296366,0.257264,-0.44,0.004,0.224,0.497
1.77271e+09,0.303349,-0.031527,0.252653,-0.00640073,-0.0534028,-0.182792,0.303472,-0.0296366,0.257264,-0.44,0.004,0.224,0.497
1.77271e+09,0.30335,-0.0314794,0.24809,-0.00488897,-0.0547,-0.177916,0.303472,-0.0296366,0.257264,-0.44,0.004,0.224,0.497
1.77271e+09,0.30335,-0.0314794,0.24809,-0.00488897,-0.0547,-0.177916,0.303472,-0.0296366,0.257264,-0.44,0.004,0.224,0.497
1.77271e+09,0.303341,-0.0315063,0.241109,-0.00553342,-0.0581241,-0.184366,0.303623,-0.0295017,0.2388,-0.44,0.006,0.226,0.496
1.77271e+09,0.303344,-0.0314433,0.232723,-0.00332005,-0.0520611,-0.182206,0.303623,-0.0295017,0.2388,-0.44,0.006,0.226,0.496
1.77271e+09,0.303344,-0.0314433,0.232723,-0.00332005,-0.0520611,-0.182206,0.303623,-0.0295017,0.2388,-0.44,0.006,0.226,0.496
1.77271e+09,0.303349,-0.0314438,0.229627,-0.00914165,-0.0551081,-0.184834,0.303623,-0.0295017,0.2388,-0.44,0.006,0.226,0.496
1.77271e+09,0.303349,-0.0314438,0.229627,-0.00914165,-0.0551081,-0.184834,0.303623,-0.0295017,0.2388,-0.44,0.006,0.226,0.496
1.77271e+09,0.303327,-0.0314644,0.221863,-0.0040264,-0.0555364,-0.182255,0.303684,-0.0295411,0.218811,-0.44,0.006,0.222,0.496
1.77271e+09,0.303339,-0.0314421,0.214162,-0.00527259,-0.0587597,-0.185496,0.303684,-0.0295411,0.218811,-0.44,0.006,0.222,0.496
1.77271e+09,0.303339,-0.0314421,0.214162,-0.00527259,-0.0587597,-0.185496,0.303684,-0.0295411,0.218811,-0.44,0.006,0.222,0.496
1.77271e+09,0.303309,-0.0314447,0.210339,-0.00766756,-0.0546094,-0.185834,0.303684,-0.0295411,0.218811,-0.44,0.006,0.222,0.496
1.77271e+09,0.303309,-0.0314447,0.210339,-0.00766756,-0.0546094,-0.185834,0.303684,-0.0295411,0.218811,-0.44,0.006,0.222,0.496
1.77271e+09,0.303365,-0.0312737,0.202573,-0.00675145,-0.0627393,-0.188123,0.303771,-0.0296914,0.200224,-0.44,0.006,0.226,0.496
1.77271e+09,0.303441,-0.0312416,0.194032,-0.000884621,-0.0551377,-0.18463,0.303771,-0.0296914,0.200224,-0.44,0.006,0.226,0.496
1.77271e+09,0.303441,-0.0312416,0.194032,-0.000884621,-0.0551377,-0.18463,0.303771,-0.0296914,0.200224,-0.44,0.006,0.226,0.496
1.77271e+09,0.303491,-0.0312529,0.190941,-0.00279086,-0.0559333,-0.18476,0.303771,-0.0296914,0.200224,-0.44,0.006,0.226,0.496
1.77271e+09,0.303491,-0.0312529,0.190941,-0.00279086,-0.0559333,-0.18476,0.303771,-0.0296914,0.200224,-0.44,0.006,0.226,0.496
1.77271e+09,0.303379,-0.0313177,0.182472,-0.0100477,-0.0647068,-0.182948,0.303813,-0.0296096,0.180227,-0.44,0.006,0.226,0.496
1.77271e+09,0.303481,-0.0313633,0.175594,-0.0057696,-0.0614213,-0.181272,0.303813,-0.0296096,0.180227,-0.44,0.006,0.226,0.496
1.77271e+09,0.303481,-0.0313633,0.175594,-0.0057696,-0.0614213,-0.181272,0.303813,-0.0296096,0.180227,-0.44,0.006,0.226,0.496
1.77271e+09,0.303368,-0.0313749,0.170978,-0.0137427,-0.0566636,-0.187052,0.303813,-0.0296096,0.180227,-0.44,0.006,0.226,0.496
1.77271e+09,0.303368,-0.0313749,0.170978,-0.0137427,-0.0566636,-0.187052,0.303813,-0.0296096,0.180227,-0.44,0.006,0.226,0.496
1.77271e+09,0.303484,-0.0312955,0.163957,-0.00431815,-0.0625202,-0.188789,0.303994,-0.0295043,0.161611,-0.44,0.006,0.222,0.496
1.77271e+09,0.303374,-0.0313419,0.15614,-0.0116323,-0.0606496,-0.184546,0.303994,-0.0295043,0.161611,-0.44,0.006,0.222,0.496
1.77271e+09,0.303374,-0.0313419,0.15614,-0.0116323,-0.0606496,-0.184546,0.303994,-0.0295043,0.161611,-0.44,0.006,0.222,0.496
1.77271e+09,0.303413,-0.031294,0.151511,-6.748e-05,-0.0498384,-0.182677,0.303994,-0.0295043,0.161611,-0.44,0.006,0.222,0.496
1.77271e+09,0.303413,-0.031294,0.151511,-6.748e-05,-0.0498384,-0.182677,0.303994,-0.0295043,0.161611,-0.44,0.006,0.222,0.496
1.77271e+09,0.303478,-0.0311699,0.143902,-0.00579817,-0.0548866,-0.186026,0.303888,-0.0296181,0.141569,-0.44,0.006,0.228,0.496
1.77271e+09,0.303613,-0.031154,0.136952,-0.00719879,-0.0545516,-0.181731,0.303888,-0.0296181,0.141569,-0.44,0.006,0.228,0.496
1.77271e+09,0.303613,-0.031154,0.136952,-0.00719879,-0.0545516,-0.181731,0.303888,-0.0296181,0.141569,-0.44,0.006,0.228,0.496
1.77271e+09,0.303627,-0.0311359,0.133129,-0.00526018,-0.0582847,-0.18558,0.303888,-0.0296181,0.141569,-0.44,0.006,0.228,0.496
1.77271e+09,0.303627,-0.0311359,0.133129,-0.00526018,-0.0582847,-0.18558,0.303888,-0.0296181,0.141569,-0.44,0.006,0.228,0.496
1.77271e+09,0.303765,-0.0311854,0.12533,-0.00246104,-0.0525645,-0.188452,0.303796,-0.0296417,0.122999,-0.44,0.006,0.224,0.496
1.77271e+09,0.303793,-0.0311983,0.117514,-0.00511972,-0.059462,-0.184482,0.303796,-0.0296417,0.122999,-0.44,0.006,0.224,0.496
1.77271e+09,0.303793,-0.0311983,0.117514,-0.00511972,-0.059462,-0.184482,0.303796,-0.0296417,0.122999,-0.44,0.006,0.224,0.496
1.77271e+09,0.303745,-0.0311578,0.113632,-0.00653727,-0.0552408,-0.184456,0.303796,-0.0296417,0.122999,-0.44,0.006,0.224,0.496
1.77271e+09,0.303745,-0.0311578,0.113632,-0.00653727,-0.0552408,-0.184456,0.303796,-0.0296417,0.122999,-0.44,0.006,0.224,0.496
1.77271e+09,0.303598,-0.0311982,0.106011,0.000558381,-0.0561625,-0.17956,0.303789,-0.029635,0.102924,-0.44,0.006,0.226,0.496
1.77271e+09,0.303657,-0.031152,0.098361,-0.0080981,-0.0541366,-0.17745,0.303789,-0.029635,0.102924,-0.44,0.006,0.226,0.496
1.77271e+09,0.303657,-0.031152,0.098361,-0.0080981,-0.0541366,-0.17745,0.303789,-0.029635,0.102924,-0.44,0.006,0.226,0.496
1.77271e+09,0.303645,-0.0311049,0.0945991,-0.00389855,-0.0583511,-0.183103,0.303789,-0.029635,0.102924,-0.44,0.006,0.226,0.496
1.77271e+09,0.303645,-0.0311049,0.0945991,-0.00389855,-0.0583511,-0.183103,0.303789,-0.029635,0.102924,-0.44,0.006,0.226,0.496
1.77271e+09,0.303673,-0.0312008,0.0869788,-0.00515929,-0.0595596,-0.182783,0.303799,-0.0295261,0.0846578,-0.44,0.006,0.226,0.496
1.77271e+09,0.303673,-0.0313069,0.0784788,-0.0123418,-0.0596353,-0.182607,0.303799,-0.0295261,0.0846578,-0.44,0.006,0.226,0.496
1.77271e+09,0.303673,-0.0313069,0.0784788,-0.0123418,-0.0596353,-0.182607,0.303799,-0.0295261,0.0846578,-0.44,0.006,0.226,0.496
1.77271e+09,0.303703,-0.0313555,0.0754268,-0.00535761,-0.0563782,-0.180229,0.303799,-0.0295261,0.0846578,-0.44,0.006,0.226,0.496
1.77271e+09,0.303703,-0.0313555,0.0754268,-0.00535761,-0.0563782,-0.180229,0.303799,-0.0295261,0.0846578,-0.44,0.006,0.226,0.496
1.77271e+09,0.303616,-0.0314582,0.0669314,-0.0123156,-0.0571345,-0.185012,0.30376,-0.0293971,0.0646544,-0.438,0.006,0.226,0.496
1.77271e+09,0.303651,-0.0314002,0.0599953,-0.00631881,-0.0592899,-0.187816,0.30376,-0.0293971,0.0646544,-0.438,0.006,0.226,0.496
1.77271e+09,0.303651,-0.0314002,0.0599953,-0.00631881,-0.0592899,-0.187816,0.30376,-0.0293971,0.0646544,-0.438,0.006,0.226,0.496
1.77271e+09,0.303644,-0.0313718,0.0561521,-0.00448834,-0.0573703,-0.18327,0.30376,-0.0293971,0.0646544,-0.438,0.006,0.226,0.496
1.77271e+09,0.303644,-0.0313718,0.0561521,-0.00448834,-0.0573703,-0.18327,0.30376,-0.0293971,0.0646544,-0.438,0.006,0.226,0.496
1.77271e+09,0.303778,-0.0313849,0.0484909,-0.0074334,-0.0560278,-0.181949,0.303692,-0.0292934,0.0461731,-0.438,0.006,0.218,0.496
1.77271e+09,0.303688,-0.031421,0.0407241,-0.00471644,-0.0594589,-0.185316,0.303692,-0.0292934,0.0461731,-0.438,0.006,0.218,0.496
1.77271e+09,0.303688,-0.031421,0.0407241,-0.00471644,-0.0594589,-0.185316,0.303692,-0.0292934,0.0461731,-0.438,0.006,0.218,0.496
1.77271e+09,0.303675,-0.0314104,0.0369034,-0.00543629,-0.0542593,-0.184636,0.303692,-0.0292934,0.0461731,-0.438,0.006,0.218,0.496
1.77271e+09,0.303675,-0.0314104,0.0369034,-0.00543629,-0.0542593,-0.184636,0.303692,-0.0292934,0.0461731,-0.438,0.006,0.218,0.496
1.77271e+09,0.303726,-0.0312661,0.029249,-0.000894643,-0.0545445,-0.188284,0.303755,-0.0294558,0.0261826,-0.44,0.006,0.232,0.496
1.77271e+09,0.303745,-0.0310953,0.0216495,-0.00201724,-0.0599677,-0.181453,0.303755,-0.0294558,0.0261826,-0.44,0.006,0.232,0.496
1.77271e+09,0.303745,-0.0310953,0.0216495,-0.00201724,-0.0599677,-0.181453,0.303755,-0.0294558,0.0261826,-0.44,0.006,0.232,0.496
1.77271e+09,0.303704,-0.0311527,0.0170793,-0.0100311,-0.0553722,-0.179926,0.303755,-0.0294558,0.0261826,-0.44,0.006,0.232,0.496
1.77271e+09,0.303704,-0.0311527,0.0170793,-0.0100311,-0.0553722,-0.179926,0.303755,-0.0294558,0.0261826,-0.44,0.006,0.232,0.496
1.77271e+09,0.303758,-0.0310888,0.0102411,-0.000411967,-0.0597268,-0.180508,0.303843,-0.0294952,0.00792495,-0.44,0.004,0.23,0.497
1.77271e+09,0.303711,-0.0310664,0.00177809,-0.00775992,-0.0601023,-0.181927,0.303843,-0.0294952,0.00792495,-0.44,0.004,0.23,0.497
1.77271e+09,0.303711,-0.0310664,0.00177809,-0.00775992,-0.0601023,-0.181927,0.303843,-0.0294952,0.00792495,-0.44,0.004,0.23,0.497
1.77271e+09,0.303685,-0.0311718,-0.00132334,-0.0100393,-0.0630037,-0.18152,0.303843,-0.0294952,0.00792495,-0.44,0.004,0.23,0.497
1.77271e+09,0.303685,-0.0311718,-0.00132334,-0.0100393,-0.0630037,-0.18152,0.303843,-0.0294952,0.00792495,-0.44,0.004,0.23,0.497
1.77271e+09,0.303691,-0.0314114,-0.00899568,-0.00884798,-0.0557534,-0.175106,0.303989,-0.0292736,-0.0120473,-0.438,0.006,0.218,0.496
1.77271e+09,0.303722,-0.0316464,-0.0175277,-0.00164868,-0.0626887,-0.182885,0.303989,-0.0292736,-0.0120473,-0.438,0.006,0.218,0.496
1.77271e+09,0.303722,-0.0316464,-0.0175277,-0.00164868,-0.0626887,-0.182885,0.303989,-0.0292736,-0.0120473,-0.438,0.006,0.218,0.496
1.77271e+09,0.30367,-0.0315796,-0.0206642,-0.010427,-0.0517423,-0.18421,0.303989,-0.0292736,-0.0120473,-0.438,0.006,0.218,0.496
1.77271e+09,0.30367,-0.0315796,-0.0206642,-0.010427,-0.0517423,-0.18421,0.303989,-0.0292736,-0.0120473,-0.438,0.006,0.218,0.496
1.77271e+09,0.303685,-0.0314555,-0.0282265,-0.00182382,-0.0556181,-0.187089,0.304269,-0.0293351,-0.0305628,-0.438,0.008,0.226,0.495
1.77271e+09,0.303852,-0.0313671,-0.0367292,-0.00363042,-0.0516476,-0.183138,0.304269,-0.0293351,-0.0305628,-0.438,0.008,0.226,0.495
1.77271e+09,0.303852,-0.0313671,-0.0367292,-0.00363042,-0.0516476,-0.183138,0.304269,-0.0293351,-0.0305628,-0.438,0.008,0.226,0.495
1.77271e+09,0.303894,-0.0313339,-0.0405859,-0.00536124,-0.0576177,-0.186063,0.304269,-0.0293351,-0.0305628,-0.438,0.008,0.226,0.495
1.77271e+09,0.303894,-0.0313339,-0.0405859,-0.00536124,-0.0576177,-0.186063,0.304269,-0.0293351,-0.0305628,-0.438,0.008,0.226,0.495
1.77271e+09,0.303801,-0.0312589,-0.0473747,-0.00844797,-0.0590659,-0.18369,0.304324,-0.0293406,-0.0504994,-0.438,0.008,0.222,0.495
1.77271e+09,0.303889,-0.0313142,-0.0550791,-0.00347626,-0.0555173,-0.184393,0.304324,-0.0293406,-0.0504994,-0.438,0.008,0.222,0.495
1.77271e+09,0.303889,-0.0313142,-0.0550791,-0.00347626,-0.0555173,-0.184393,0.304324,-0.0293406,-0.0504994,-0.438,0.008,0.222,0.495
1.77271e+09,0.303898,-0.0312884,-0.0597552,-0.00729103,-0.0571295,-0.185326,0.304324,-0.0293406,-0.0504994,-0.438,0.008,0.222,0.495
1.77271e+09,0.303898,-0.0312884,-0.0597552,-0.00729103,-0.0571295,-0.185326,0.304324,-0.0293406,-0.0504994,-0.438,0.008,0.222,0.495
1.77271e+09,0.303942,-0.0312165,-0.0673789,0.00328849,-0.0545258,-0.181448,0.304624,-0.0293038,-0.068901,-0.438,0.006,0.226,0.496
1.77271e+09,0.303958,-0.0311066,-0.0749879,-0.00767109,-0.0511345,-0.182707,0.304624,-0.0293038,-0.068901,-0.438,0.006,0.226,0.496
1.77271e+09,0.303958,-0.0311066,-0.0749879,-0.00767109,-0.0511345,-0.182707,0.304624,-0.0293038,-0.068901,-0.438,0.006,0.226,0.496
1.77271e+09,0.304013,-0.0310668,-0.0787411,-0.00280296,-0.0576312,-0.18485,0.304624,-0.0293038,-0.068901,-0.438,0.006,0.226,0.496
1.77271e+09,0.304013,-0.0310668,-0.0787411,-0.00280296,-0.0576312,-0.18485,0.304624,-0.0293038,-0.068901,-0.438,0.006,0.226,0.496
1.77271e+09,0.304159,-0.0311915,-0.0856047,-0.00472845,-0.0629242,-0.176804,0.304628,-0.0293872,-0.0886245,-0.438,0.006,0.218,0.496
1.77271e+09,0.304298,-0.0312864,-0.0932442,-0.00347681,-0.0502456,-0.185458,0.304628,-0.0293872,-0.0886245,-0.438,0.006,0.218,0.496
1.77271e+09,0.304298,-0.0312864,-0.0932442,-0.00347681,-0.0502456,-0.185458,0.304628,-0.0293872,-0.0886245,-0.438,0.006,0.218,0.496
1.77271e+09,0.304347,-0.0312034,-0.0970596,-0.00697274,-0.0535177,-0.185578,0.304628,-0.0293872,-0.0886245,-0.438,0.006,0.218,0.496
1.77271e+09,0.304347,-0.0312034,-0.0970596,-0.00697274,-0.0535177,-0.185578,0.304628,-0.0293872,-0.0886245,-0.438,0.006,0.218,0.496
1.77271e+09,0.304346,-0.0312612,-0.105529,-0.00941673,-0.0622961,-0.181023,0.304747,-0.0295503,-0.107047,-0.438,0.006,0.228,0.496
1.77271e+09,0.30444,-0.0311665,-0.112471,-0.00364118,-0.0547661,-0.188342,0.304747,-0.0295503,-0.107047,-0.438,0.006,0.228,0.496
1.77271e+09,0.30444,-0.0311665,-0.112471,-0.00364118,-0.0547661,-0.188342,0.304747,-0.0295503,-0.107047,-0.438,0.006,0.228,0.496
1.77271e+09,0.304504,-0.0310866,-0.116359,0.00104024,-0.0562374,-0.185856,0.304747,-0.0295503,-0.107047,-0.438,0.006,0.228,0.496
1.77271e+09,0.304504,-0.0310866,-0.116359,0.00104024,-0.0562374,-0.185856,0.304747,-0.0295503,-0.107047,-0.438,0.006,0.228,0.496
1.77271e+09,0.304585,-0.0310166,-0.124059,-0.00494028,-0.0472112,-0.188403,0.304955,-0.0296071,-0.127126,-0.438,0.004,0.228,0.497
1.77271e+09,0.304524,-0.0310266,-0.13245,0.00502472,-0.0655485,-0.181124,0.304955,-0.0296071,-0.127126,-0.438,0.004,0.228,0.497
1.77271e+09,0.304524,-0.0310266,-0.13245,0.00502472,-0.0655485,-0.181124,0.304955,-0.0296071,-0.127126,-0.438,0.004,0.228,0.497
1.77271e+09,0.304556,-0.0311288,-0.135599,-0.005681,-0.0597045,-0.188648,0.304955,-0.0296071,-0.127126,-0.438,0.004,0.228,0.497
1.77271e+09,0.304556,-0.0311288,-0.135599,-0.005681,-0.0597045,-0.188648,0.304955,-0.0296071,-0.127126,-0.438,0.004,0.228,0.497
1.77271e+09,0.304617,-0.0312062,-0.14337,-0.00855753,-0.0570945,-0.184353,0.305118,-0.0295253,-0.145691,-0.438,0.006,0.222,0.496
1.77271e+09,0.304602,-0.0312366,-0.151084,0.00130669,-0.059649,-0.181624,0.305118,-0.0295253,-0.145691,-0.438,0.006,0.222,0.496
1.77271e+09,0.304602,-0.0312366,-0.151084,0.00130669,-0.059649,-0.181624,0.305118,-0.0295253,-0.145691,-0.438,0.006,0.222,0.496
1.77271e+09,0.304734,-0.0312825,-0.155665,-0.00703088,-0.0615201,-0.183036,0.305118,-0.0295253,-0.145691,-0.438,0.006,0.222,0.496
1.77271e+09,0.304734,-0.0312825,-0.155665,-0.00703088,-0.0615201,-0.183036,0.305118,-0.0295253,-0.145691,-0.438,0.006,0.222,0.496
1.77271e+09,0.304822,-0.0313259,-0.16271,-0.00534283,-0.0573694,-0.194429,0.305294,-0.0297813,-0.165827,-0.438,0.006,0.228,0.496
1.77271e+09,0.304912,-0.0311449,-0.171087,-0.00593676,-0.0511741,-0.179934,0.305294,-0.0297813,-0.165827,-0.438,0.006,0.228,0.496
1.77271e+09,0.304912,-0.0311449,-0.171087,-0.00593676,-0.0511741,-0.179934,0.305294,-0.0297813,-0.165827,-0.438,0.006,0.228,0.496
1.77271e+09,0.30495,-0.0311536,-0.174122,-0.0019702,-0.0584821,-0.188162,0.305294,-0.0297813,-0.165827,-0.438,0.006,0.228,0.496
1.77271e+09,0.30495,-0.0311536,-0.174122,-0.0019702,-0.0584821,-0.188162,0.305294,-0.0297813,-0.165827,-0.438,0.006,0.228,0.496
1.77271e+09,0.304902,-0.0311707,-0.181865,-0.00842579,-0.0542477,-0.185027,0.305358,-0.0301137,-0.184193,-0.44,0.008,0.23,0.495
1.77271e+09,0.304981,-0.0310547,-0.190419,-0.00550711,-0.0556553,-0.180979,0.305358,-0.0301137,-0.184193,-0.44,0.008,0.23,0.495
1.77271e+09,0.304981,-0.0310547,-0.190419,-0.00550711,-0.0556553,-0.180979,0.305358,-0.0301137,-0.184193,-0.44,0.008,0.23,0.495
1.77271e+09,0.30498,-0.0310632,-0.194229,-0.00403914,-0.0551738,-0.182166,0.305358,-0.0301137,-0.184193,-0.44,0.008,0.23,0.495
1.77271e+09,0.30498,-0.0310632,-0.194229,-0.00403914,-0.0551738,-0.182166,0.305358,-0.0301137,-0.184193,-0.44,0.008,0.23,0.495
1.77271e+09,0.305046,-0.0311727,-0.201232,-0.00372878,-0.0622568,-0.189406,0.305526,-0.0300273,-0.204391,-0.438,0.006,0.216,0.496
1.77271e+09,0.305106,-0.0314852,-0.209067,-0.00709145,-0.0630172,-0.180539,0.305526,-0.0300273,-0.204391,-0.438,0.006,0.216,0.496
1.77271e+09,0.305106,-0.0314852,-0.209067,-0.00709145,-0.0630172,-0.180539,0.305526,-0.0300273,-0.204391,-0.438,0.006,0.216,0.496
1.77271e+09,0.305146,-0.0314746,-0.212859,-0.00783502,-0.0553622,-0.180446,0.305526,-0.0300273,-0.204391,-0.438,0.006,0.216,0.496
1.77271e+09,0.305146,-0.0314746,-0.212859,-0.00783502,-0.0553622,-0.180446,0.305526,-0.0300273,-0.204391,-0.438,0.006,0.216,0.496
1.77271e+09,0.305003,-0.0314648,-0.221255,-0.00591645,-0.0620137,-0.179071,0.305501,-0.0301394,-0.222791,-0.44,0.006,0.23,0.496
1.77271e+09,0.305013,-0.0313614,-0.228191,-0.00459988,-0.0599249,-0.183382,0.305501,-0.0301394,-0.222791,-0.44,0.006,0.23,0.496
1.77271e+09,0.305013,-0.0313614,-0.228191,-0.00459988,-0.0599249,-0.183382,0.305501,-0.0301394,-0.222791,-0.44,0.006,0.23,0.496
1.77271e+09,0.305103,-0.0314047,-0.232115,-0.000525782,-0.0595177,-0.191517,0.305501,-0.0301394,-0.222791,-0.44,0.006,0.23,0.496
1.77271e+09,0.305103,-0.0314047,-0.232115,-0.000525782,-0.0595177,-0.191517,0.305501,-0.0301394,-0.222791,-0.44,0.006,0.23,0.496
1.77271e+09,0.305281,-0.0314366,-0.239894,-0.00364942,-0.0573462,-0.184139,0.30553,-0.0301271,-0.243016,-0.438,0.006,0.224,0.496
1.77271e+09,0.305308,-0.0314582,-0.247643,-0.00293061,-0.0580147,-0.189028,0.30553,-0.0301271,-0.243016,-0.438,0.006,0.224,0.496
1.77271e+09,0.305308,-0.0314582,-0.247643,-0.00293061,-0.0580147,-0.189028,0.30553,-0.0301271,-0.243016,-0.438,0.006,0.224,0.496
1.77271e+09,0.305379,-0.0314351,-0.251587,-0.00530906,-0.0586167,-0.186875,0.30553,-0.0301271,-0.243016,-0.438,0.006,0.224,0.496
1.77271e+09,0.305379,-0.0314351,-0.251587,-0.00530906,-0.0586167,-0.186875,0.30553,-0.0301271,-0.243016,-0.438,0.006,0.224,0.496
1.77271e+09,0.30532,-0.0314548,-0.259372,-0.00493197,-0.0605082,-0.186481,0.305465,-0.0302489,-0.261708,-0.438,0.006,0.22,0.496
1.77271e+09,0.305309,-0.0315571,-0.267135,-0.00526115,-0.0626344,-0.184822,0.305465,-0.0302489,-0.261708,-0.438,0.006,0.22,0.496
1.77271e+09,0.305309,-0.0315571,-0.267135,-0.00526115,-0.0626344,-0.184822,0.305465,-0.0302489,-0.261708,-0.438,0.006,0.22,0.496
1.77271e+09,0.305336,-0.0315653,-0.270987,-0.00561631,-0.0583254,-0.181807,0.305465,-0.0302489,-0.261708,-0.438,0.006,0.22,0.496
1.77271e+09,0.305336,-0.0315653,-0.270987,-0.00561631,-0.0583254,-0.181807,0.305465,-0.0302489,-0.261708,-0.438,0.006,0.22,0.496
1.77271e+09,0.3055,-0.0315593,-0.279422,-0.00596185,-0.0589848,-0.183526,0.305354,-0.0303755,-0.281747,-0.44,0.006,0.232,0.496
1.77271e+09,0.305486,-0.0313924,-0.286373,-0.00636784,-0.0569844,-0.182561,0.305354,-0.0303755,-0.281747,-0.44,0.006,0.232,0.496
1.77271e+09,0.305486,-0.0313924,-0.286373,-0.00636784,-0.0569844,-0.182561,0.305354,-0.0303755,-0.281747,-0.44,0.006,0.232,0.496
1.77271e+09,0.305446,-0.0314512,-0.29015,-0.00606321,-0.0607667,-0.181022,0.305354,-0.0303755,-0.281747,-0.44,0.006,0.232,0.496
1.77271e+09,0.305446,-0.0314512,-0.29015,-0.00606321,-0.0607667,-0.181022,0.305354,-0.0303755,-0.281747,-0.44,0.006,0.232,0.496
1.77271e+09,0.305338,-0.0316291,-0.297836,-0.00852241,-0.0587127,-0.181966,0.305434,-0.0303859,-0.300115,-0.44,0.006,0.22,0.496
1.77271e+09,0.305331,-0.0316865,-0.306317,-0.000949588,-0.0551798,-0.180742,0.305434,-0.0303859,-0.300115,-0.44,0.006,0.22,0.496
1.77271e+09,0.305331,-0.0316865,-0.306317,-0.000949588,-0.0551798,-0.180742,0.305434,-0.0303859,-0.300115,-0.44,0.006,0.22,0.496
1.77271e+09,0.305404,-0.0316939,-0.310107,-0.00630847,-0.0536762,-0.184228,0.305434,-0.0303859,-0.300115,-0.44,0.006,0.22,0.496
1.77271e+09,0.305404,-0.0316939,-0.310107,-0.00630847,-0.0536762,-0.184228,0.305434,-0.0303859,-0.300115,-0.44,0.006,0.22,0.496
1.77271e+09,0.305497,-0.0316197,-0.316914,-0.00765735,-0.0570829,-0.181373,0.305046,-0.0305896,-0.319917,-0.44,0.008,0.22,0.495
1.77271e+09,0.305589,-0.0317542,-0.325277,-0.00827511,-0.0577587,-0.183259,0.305046,-0.0305896,-0.319917,-0.44,0.008,0.22,0.495
1.77271e+09,0.305589,-0.0317542,-0.325277,-0.00827511,-0.0577587,-0.183259,0.305046,-0.0305896,-0.319917,-0.44,0.008,0.22,0.495
1.77271e+09,0.305601,-0.0317618,-0.32832,-0.00479631,-0.056462,-0.182609,0.305046,-0.0305896,-0.319917,-0.44,0.008,0.22,0.495
1.77271e+09,0.305601,-0.0317618,-0.32832,-0.00479631,-0.056462,-0.182609,0.305046,-0.0305896,-0.319917,-0.44,0.008,0.22,0.495
1.77271e+09,0.305557,-0.0316327,-0.336608,-0.00527092,-0.0628943,-0.179257,0.304908,-0.0308925,-0.338136,-0.44,0.004,0.224,0.497
1.77271e+09,0.305495,-0.0317373,-0.343617,-0.00408369,-0.0615765,-0.188805,0.304908,-0.0308925,-0.338136,-0.44,0.004,0.224,0.497
1.77271e+09,0.305495,-0.0317373,-0.343617,-0.00408369,-0.0615765,-0.188805,0.304908,-0.0308925,-0.338136,-0.44,0.004,0.224,0.497
1.77271e+09,0.305574,-0.0317862,-0.34745,-0.00191313,-0.0579213,-0.176467,0.304908,-0.0308925,-0.338136,-0.44,0.004,0.224,0.497
1.77271e+09,0.305574,-0.0317862,-0.34745,-0.00191313,-0.0579213,-0.176467,0.304908,-0.0308925,-0.338136,-0.44,0.004,0.224,0.497
1.77271e+09,0.305486,-0.0317871,-0.355109,-0.00938502,-0.0570647,-0.18048,0.305002,-0.0307231,-0.3582,-0.44,0.006,0.228,0.496
1.77271e+09,0.305392,-0.031865,-0.362892,-0.00497262,-0.0665995,-0.184726,0.305002,-0.0307231,-0.3582,-0.44,0.006,0.228,0.496
1.77271e+09,0.305392,-0.031865,-0.362892,-0.00497262,-0.0665995,-0.184726,0.305002,-0.0307231,-0.3582,-0.44,0.006,0.228,0.496
1.77271e+09,0.305385,-0.0320259,-0.36762,-0.0113631,-0.0630663,-0.187407,0.305002,-0.0307231,-0.3582,-0.44,0.006,0.228,0.496
1.77271e+09,0.305385,-0.0320259,-0.36762,-0.0113631,-0.0630663,-0.187407,0.305002,-0.0307231,-0.3582,-0.44,0.006,0.228,0.496
1.77271e+09,0.305242,-0.0321357,-0.374553,-0.0093584,-0.0630414,-0.182706,0.304815,-0.0305928,-0.376863,-0.44,0.008,0.222,0.495
1.77271e+09,0.305286,-0.0322446,-0.382225,-0.00559258,-0.0610113,-0.183578,0.304815,-0.0305928,-0.376863,-0.44,0.008,0.222,0.495
1.77271e+09,0.305286,-0.0322446,-0.382225,-0.00559258,-0.0610113,-0.183578,0.304815,-0.0305928,-0.376863,-0.44,0.008,0.222,0.495
1.77271e+09,0.305321,-0.0322857,-0.386844,-0.00428662,-0.0576007,-0.181628,0.304815,-0.0305928,-0.376863,-0.44,0.008,0.222,0.495
1.77271e+09,0.305321,-0.0322857,-0.386844,-0.00428662,-0.0576007,-0.181628,0.304815,-0.0305928,-0.376863,-0.44,0.008,0.222,0.495
1.77271e+09,0.305254,-0.0321075,-0.39369,-0.0101866,-0.0593299,-0.185125,0.304591,-0.0307562,-0.396812,-0.44,0.006,0.228,0.496
1.77271e+09,0.305151,-0.0320013,-0.401458,-0.00766579,-0.0590472,-0.190879,0.304591,-0.0307562,-0.396812,-0.44,0.006,0.228,0.496
1.77271e+09,0.305151,-0.0320013,-0.401458,-0.00766579,-0.0590472,-0.190879,0.304591,-0.0307562,-0.396812,-0.44,0.006,0.228,0.496
1.77271e+09,0.30517,-0.0319677,-0.405315,-0.00853632,-0.057877,-0.180292,0.304591,-0.0307562,-0.396812,-0.44,0.006,0.228,0.496
1.77271e+09,0.30517,-0.0319677,-0.405315,-0.00853632,-0.057877,-0.180292,0.304591,-0.0307562,-0.396812,-0.44,0.006,0.228,0.496
1.77271e+09,0.305119,-0.0320497,-0.412955,-0.00870806,-0.0581773,-0.181548,0.304607,-0.0308965,-0.4152,-0.44,0.006,0.226,0.496
1.77271e+09,0.305002,-0.031939,-0.421339,-0.00393877,-0.0580093,-0.179747,0.304607,-0.0308965,-0.4152,-0.44,0.006,0.226,0.496
1.77271e+09,0.305002,-0.031939,-0.421339,-0.00393877,-0.0580093,-0.179747,0.304607,-0.0308965,-0.4152,-0.44,0.006,0.226,0.496
1.77271e+09,0.305033,-0.0320123,-0.425165,-0.00125466,-0.0615599,-0.18238,0.304607,-0.0308965,-0.4152,-0.44,0.006,0.226,0.496
1.77271e+09,0.305033,-0.0320123,-0.425165,-0.00125466,-0.0615599,-0.18238,0.304607,-0.0308965,-0.4152,-0.44,0.006,0.226,0.496
1.77271e+09,0.304879,-0.032034,-0.432114,-0.00930311,-0.0530952,-0.188314,0.304747,-0.0309586,-0.435152,-0.44,0.004,0.224,0.497
1.77271e+09,0.304785,-0.0320385,-0.439768,-0.000867744,-0.056906,-0.184945,0.304747,-0.0309586,-0.435152,-0.44,0.004,0.224,0.497
1.77271e+09,0.304785,-0.0320385,-0.439768,-0.000867744,-0.056906,-0.184945,0.304747,-0.0309586,-0.435152,-0.44,0.004,0.224,0.497
1.77271e+09,0.304859,-0.0321034,-0.443606,-0.00135206,-0.0561181,-0.180705,0.304747,-0.0309586,-0.435152,-0.44,0.004,0.224,0.497
1.77271e+09,0.304859,-0.0321034,-0.443606,-0.00135206,-0.0561181,-0.180705,0.304747,-0.0309586,-0.435152,-0.44,0.004,0.224,0.497
1.77271e+09,0.304818,-0.0321931,-0.452144,-0.00890722,-0.0633681,-0.184663,0.304905,-0.0309507,-0.453697,-0.44,0.006,0.22,0.496
1.77271e+09,0.304861,-0.0322294,-0.459828,-0.00346377,-0.0591068,-0.182517,0.304905,-0.0309507,-0.453697,-0.44,0.006,0.22,0.496
1.77271e+09,0.304861,-0.0322294,-0.459828,-0.00346377,-0.0591068,-0.182517,0.304905,-0.0309507,-0.453697,-0.44,0.006,0.22,0.496
1.77271e+09,0.304844,-0.0321521,-0.463708,-0.00954824,-0.0543933,-0.19093,0.304905,-0.0309507,-0.453697,-0.44,0.006,0.22,0.496
1.77271e+09,0.304844,-0.0321521,-0.463708,-0.00954824,-0.0543933,-0.19093,0.304905,-0.0309507,-0.453697,-0.44,0.006,0.22,0.496
1.77271e+09,0.304855,-0.0319416,-0.470735,-0.00587052,-0.0534898,-0.192457,0.304826,-0.0312757,-0.473826,-0.44,0.006,0.222,0.496
1.77271e+09,0.304947,-0.0318275,-0.478454,0.000630698,-0.0548968,-0.18379,0.304826,-0.0312757,-0.473826,-0.44,0.006,0.222,0.496
1.77271e+09,0.304947,-0.0318275,-0.478454,0.000630698,-0.0548968,-0.18379,0.304826,-0.0312757,-0.473826,-0.44,0.006,0.222,0.496
1.77271e+09,0.305005,-0.0319003,-0.483149,-0.00276188,-0.0615465,-0.18972,0.304826,-0.0312757,-0.473826,-0.44,0.006,0.222,0.496
1.77271e+09,0.305005,-0.0319003,-0.483149,-0.00276188,-0.0615465,-0.18972,0.304826,-0.0312757,-0.473826,-0.44,0.006,0.222,0.496
1.77271e+09,0.305011,-0.0320314,-0.490084,-0.0120123,-0.0603254,-0.18508,0.304826,-0.0314907,-0.492376,-0.44,0.006,0.228,0.496
1.77271e+09,0.305026,-0.0319852,-0.498498,-0.00581129,-0.0572657,-0.18268,0.304826,-0.0314907,-0.492376,-0.44,0.006,0.228,0.496
1.77271e+09,0.305026,-0.0319852,-0.498498,-0.00581129,-0.0572657,-0.18268,0.304826,-0.0314907,-0.492376,-0.44,0.006,0.228,0.496
1.77271e+09,0.305012,-0.0320095,-0.501522,0.0016165,-0.0552208,-0.184657,0.304826,-0.0314907,-0.492376,-0.44,0.006,0.228,0.496
1.77271e+09,0.305012,-0.0320095,-0.501522,0.0016165,-0.0552208,-0.184657,0.304826,-0.0314907,-0.492376,-0.44,0.006,0.228,0.496
1.77271e+09,0.305068,-0.0321431,-0.510021,-0.00699995,-0.0659949,-0.183172,0.304942,-0.0316101,-0.512291,-0.44,0.004,0.226,0.497
1.77271e+09,0.304898,-0.0321734,-0.51686,-0.00802278,-0.056775,-0.181628,0.304942,-0.0316101,-0.512291,-0.44,0.004,0.226,0.497
1.77271e+09,0.304898,-0.0321734,-0.51686,-0.00802278,-0.056775,-0.181628,0.304942,-0.0316101,-0.512291,-0.44,0.004,0.226,0.497
1.77271e+09,0.304969,-0.032195,-0.520745,-0.00139873,-0.0586177,-0.18632,0.304942,-0.0316101,-0.512291,-0.44,0.004,0.226,0.497
1.77271e+09,0.304969,-0.032195,-0.520745,-0.00139873,-0.0586177,-0.18632,0.304942,-0.0316101,-0.512291,-0.44,0.004,0.226,0.497
1.77271e+09,0.304848,-0.0322132,-0.528411,-0.00940314,-0.0636279,-0.180134,0.305024,-0.031643,-0.530747,-0.44,0.008,0.222,0.495
1.77271e+09,0.305027,-0.0324059,-0.536209,-0.000995749,-0.0638376,-0.189547,0.305024,-0.031643,-0.530747,-0.44,0.008,0.222,0.495
1.77271e+09,0.305027,-0.0324059,-0.536209,-0.000995749,-0.0638376,-0.189547,0.305024,-0.031643,-0.530747,-0.44,0.008,0.222,0.495
1.77271e+09,0.305094,-0.032438,-0.540067,-0.00761609,-0.053499,-0.177221,0.305024,-0.031643,-0.530747,-0.44,0.008,0.222,0.495
1.77271e+09,0.305094,-0.032438,-0.540067,-0.00761609,-0.053499,-0.177221,0.305024,-0.031643,-0.530747,-0.44,0.008,0.222,0.495
1.77271e+09,0.305027,-0.0324946,-0.5478,-0.00964875,-0.0636867,-0.189031,0.304696,-0.0315829,-0.550899,-0.44,0.008,0.226,0.495
1.77271e+09,0.305085,-0.0326711,-0.555497,-0.00473409,-0.0597216,-0.178524,0.304696,-0.0315829,-0.550899,-0.44,0.008,0.226,0.495
1.77271e+09,0.305085,-0.0326711,-0.555497,-0.00473409,-0.0597216,-0.178524,0.304696,-0.0315829,-0.550899,-0.44,0.008,0.226,0.495
1.77271e+09,0.305139,-0.0326926,-0.559367,-0.0078411,-0.0567682,-0.183351,0.304696,-0.0315829,-0.550899,-0.44,0.008,0.226,0.495
1.77271e+09,0.305139,-0.0326926,-0.559367,-0.0078411,-0.0567682,-0.183351,0.304696,-0.0315829,-0.550899,-0.44,0.008,0.226,0.495
1.77271e+09,0.305092,-0.032682,-0.567006,-0.0110775,-0.0568829,-0.183828,0.304424,-0.0315544,-0.569374,-0.44,0.004,0.218,0.497
1.77271e+09,0.3049,-0.0329136,-0.574773,-0.00962419,-0.0581898,-0.182369,0.304424,-0.0315544,-0.569374,-0.44,0.004,0.218,0.497
1.77271e+09,0.3049,-0.0329136,-0.574773,-0.00962419,-0.0581898,-0.182369,0.304424,-0.0315544,-0.569374,-0.44,0.004,0.218,0.497
1.77271e+09,0.304889,-0.0328369,-0.578574,-0.00704755,-0.0551288,-0.182161,0.304424,-0.0315544,-0.569374,-0.44,0.004,0.218,0.497
1.77271e+09,0.304889,-0.0328369,-0.578574,-0.00704755,-0.0551288,-0.182161,0.304424,-0.0315544,-0.569374,-0.44,0.004,0.218,0.497
1.77271e+09,0.304906,-0.0327846,-0.586172,-0.00445098,-0.0647943,-0.18201,0.304163,-0.0315157,-0.58931,-0.44,0.006,0.22,0.496
1.77271e+09,0.304755,-0.0328847,-0.593973,-0.0133635,-0.0566352,-0.187802,0.304163,-0.0315157,-0.58931,-0.44,0.006,0.22,0.496
1.77271e+09,0.304755,-0.0328847,-0.593973,-0.0133635,-0.0566352,-0.187802,0.304163,-0.0315157,-0.58931,-0.44,0.006,0.22,0.496
1.77271e+09,0.304618,-0.0328762,-0.597771,-0.0114449,-0.0624167,-0.183909,0.304163,-0.0315157,-0.58931,-0.44,0.006,0.22,0.496
1.77271e+09,0.304618,-0.0328762,-0.597771,-0.0114449,-0.0624167,-0.183909,0.304163,-0.0315157,-0.58931,-0.44,0.006,0.22,0.496
1.77271e+09,0.304502,-0.0328636,-0.605531,-0.00654686,-0.0546447,-0.184648,0.304169,-0.0315095,-0.607779,-0.44,0.008,0.224,0.495
1.77271e+09,0.30456,-0.0328953,-0.61382,-0.00828026,-0.0568792,-0.180751,0.304169,-0.0315095,-0.607779,-0.44,0.008,0.224,0.495
1.77271e+09,0.30456,-0.0328953,-0.61382,-0.00828026,-0.0568792,-0.180751,0.304169,-0.0315095,-0.607779,-0.44,0.008,0.224,0.495
1.77271e+09,0.304525,-0.0329601,-0.616815,-0.00725906,-0.0589705,-0.181179,0.304169,-0.0315095,-0.607779,-0.44,0.008,0.224,0.495
1.77271e+09,0.304525,-0.0329601,-0.616815,-0.00725906,-0.0589705,-0.181179,0.304169,-0.0315095,-0.607779,-0.44,0.008,0.224,0.495
1.77271e+09,0.304598,-0.032934,-0.624528,-0.00691315,-0.0568894,-0.185544,0.304132,-0.0314668,-0.627655,-0.44,0.006,0.222,0.496
1.77271e+09,0.304466,-0.0330367,-0.632954,-0.00336499,-0.0606666,-0.179356,0.304132,-0.0314668,-0.627655,-0.44,0.006,0.222,0.496
1.77271e+09,0.304466,-0.0330367,-0.632954,-0.00336499,-0.0606666,-0.179356,0.304132,-0.0314668,-0.627655,-0.44,0.006,0.222,0.496
1.77271e+09,0.304538,-0.0330773,-0.636788,-0.0071817,-0.0558253,-0.181741,0.304132,-0.0314668,-0.627655,-0.44,0.006,0.222,0.496
1.77271e+09,0.304538,-0.0330773,-0.636788,-0.0071817,-0.0558253,-0.181741,0.304132,-0.0314668,-0.627655,-0.44,0.006,0.222,0.496
1.77271e+09,0.304378,-0.0330532,-0.644348,-0.00921744,-0.0623182,-0.177707,0.303942,-0.0314008,-0.645898,-0.438,0.008,0.216,0.495
1.77271e+09,0.30427,-0.0332155,-0.652083,-0.00704152,-0.0547631,-0.179158,0.303942,-0.0314008,-0.645898,-0.438,0.008,0.216,0.495
1.77271e+09,0.30427,-0.0332155,-0.652083,-0.00704152,-0.0547631,-0.179158,0.303942,-0.0314008,-0.645898,-0.438,0.008,0.216,0.495
1.77271e+09,0.304321,-0.0331915,-0.65513,-0.00391739,-0.0574066,-0.18103,0.303942,-0.0314008,-0.645898,-0.438,0.008,0.216,0.495
1.77271e+09,0.304321,-0.0331915,-0.65513,-0.00391739,-0.0574066,-0.18103,0.303942,-0.0314008,-0.645898,-0.438,0.008,0.216,0.495
1.77271e+09,0.30438,-0.0330113,-0.663365,-0.00520857,-0.0549167,-0.179672,0.303797,-0.0314693,-0.665708,-0.44,0.008,0.228,0.495
1.77271e+09,0.304271,-0.032967,-0.67025,-0.0145856,-0.0583833,-0.182355,0.303797,-0.0314693,-0.665708,-0.44,0.008,0.228,0.495
1.77271e+09,0.304271,-0.032967,-0.67025,-0.0145856,-0.0583833,-0.182355,0.303797,-0.0314693,-0.665708,-0.44,0.008,0.228,0.495
1.77271e+09,0.304191,-0.033036,-0.674826,-0.00731203,-0.0647344,-0.184959,0.303797,-0.0314693,-0.665708,-0.44,0.008,0.228,0.495
1.77271e+09,0.304191,-0.033036,-0.674826,-0.00731203,-0.0647344,-0.184959,0.303797,-0.0314693,-0.665708,-0.44,0.008,0.228,0.495
1.77271e+09,0.304124,-0.0331059,-0.681825,-0.00456506,-0.0560544,-0.184282,0.303736,-0.0314216,-0.684096,-0.44,0.008,0.222,0.495
1.77271e+09,0.304101,-0.033091,-0.689443,-0.0101275,-0.0536491,-0.187054,0.303736,-0.0314216,-0.684096,-0.44,0.008,0.222,0.495
1.77271e+09,0.304101,-0.033091,-0.689443,-0.0101275,-0.0536491,-0.187054,0.303736,-0.0314216,-0.684096,-0.44,0.008,0.222,0.495
1.77271e+09,0.304058,-0.0330886,-0.694014,-0.00731398,-0.0601163,-0.175224,0.303736,-0.0314216,-0.684096,-0.44,0.008,0.222,0.495
1.77271e+09,0.304058,-0.0330886,-0.694014,-0.00731398,-0.0601163,-0.175224,0.303736,-0.0314216,-0.684096,-0.44,0.008,0.222,0.495
1.77271e+09,0.304013,-0.0330914,-0.700913,-0.00897644,-0.0574437,-0.186677,0.3037,-0.0314242,-0.703981,-0.438,0.008,0.228,0.495
1.77271e+09,0.304076,-0.0330954,-0.708628,-0.00683471,-0.0609265,-0.183378,0.3037,-0.0314242,-0.703981,-0.438,0.008,0.228,0.495
1.77271e+09,0.304076,-0.0330954,-0.708628,-0.00683471,-0.0609265,-0.183378,0.3037,-0.0314242,-0.703981,-0.438,0.008,0.228,0.495
1.77271e+09,0.304043,-0.0330906,-0.713162,-0.00954431,-0.0561777,-0.180614,0.3037,-0.0314242,-0.703981,-0.438,0.008,0.228,0.495
1.77271e+09,0.304043,-0.0330906,-0.713162,-0.00954431,-0.0561777,-0.180614,0.3037,-0.0314242,-0.703981,-0.438,0.008,0.228,0.495
1.77271e+09,0.303954,-0.0331385,-0.719968,-0.0122413,-0.0575648,-0.179988,0.303658,-0.0313045,-0.722239,-0.438,0.006,0.22,0.496
1.77271e+09,0.304017,-0.0331977,-0.727573,-0.00617609,-0.051243,-0.183395,0.303658,-0.0313045,-0.722239,-0.438,0.006,0.22,0.496
1.77271e+09,0.304017,-0.0331977,-0.727573,-0.00617609,-0.051243,-0.183395,0.303658,-0.0313045,-0.722239,-0.438,0.006,0.22,0.496
1.77271e+09,0.304007,-0.0331548,-0.731355,-0.00940803,-0.0537817,-0.18137,0.303658,-0.0313045,-0.722239,-0.438,0.006,0.22,0.496
1.77271e+09,0.304007,-0.0331548,-0.731355,-0.00940803,-0.0537817,-0.18137,0.303658,-0.0313045,-0.722239,-0.438,0.006,0.22,0.496
1.77271e+09,0.303889,-0.0330426,-0.738968,-0.00760533,-0.0648069,-0.183295,0.303707,-0.0314442,-0.742023,-0.438,0.006,0.224,0.496
1.77271e+09,0.303787,-0.0330279,-0.746683,-0.00430717,-0.0574563,-0.187413,0.303707,-0.0314442,-0.742023,-0.438,0.006,0.224,0.496
1.77271e+09,0.303787,-0.0330279,-0.746683,-0.00430717,-0.0574563,-0.187413,0.303707,-0.0314442,-0.742023,-0.438,0.006,0.224,0.496
1.77271e+09,0.303797,-0.0330178,-0.751211,-0.00723724,-0.0566096,-0.177708,0.303707,-0.0314442,-0.742023,-0.438,0.006,0.224,0.496
1.77271e+09,0.303797,-0.0330178,-0.751211,-0.00723724,-0.0566096,-0.177708,0.303707,-0.0314442,-0.742023,-0.438,0.006,0.224,0.496
1.77271e+09,0.303829,-0.0331218,-0.758045,-0.0111442,-0.0590171,-0.179691,0.303764,-0.0313744,-0.760311,-0.438,0.006,0.226,0.496
1.77271e+09,0.303721,-0.0331445,-0.766315,-0.00589974,-0.0552086,-0.181564,0.303764,-0.0313744,-0.760311,-0.438,0.006,0.226,0.496
1.77271e+09,0.303721,-0.0331445,-0.766315,-0.00589974,-0.0552086,-0.181564,0.303764,-0.0313744,-0.760311,-0.438,0.006,0.226,0.496
1.77271e+09,0.303759,-0.0331194,-0.770104,-0.00195662,-0.0532154,-0.181911,0.303764,-0.0313744,-0.760311,-0.438,0.006,0.226,0.496
1.77271e+09,0.303759,-0.0331194,-0.770104,-0.00195662,-0.0532154,-0.181911,0.303764,-0.0313744,-0.760311,-0.438,0.006,0.226,0.496
1.77271e+09,0.303819,-0.0331104,-0.777662,-0.0047938,-0.0603466,-0.172656,0.303796,-0.0314774,-0.779914,-0.438,0.006,0.224,0.496
1.77271e+09,0.303887,-0.0330464,-0.7845,-0.0047625,-0.0519832,-0.182038,0.303796,-0.0314774,-0.779914,-0.438,0.006,0.224,0.496
1.77271e+09,0.303887,-0.0330464,-0.7845,-0.0047625,-0.0519832,-0.182038,0.303796,-0.0314774,-0.779914,-0.438,0.006,0.224,0.496
1.77271e+09,0.303834,-0.0330549,-0.7883,-0.00939029,-0.0615588,-0.181808,0.303796,-0.0314774,-0.779914,-0.438,0.006,0.224,0.496
1.77271e+09,0.303834,-0.0330549,-0.7883,-0.00939029,-0.0615588,-0.181808,0.303796,-0.0314774,-0.779914,-0.438,0.006,0.224,0.496
1.77271e+09,0.303889,-0.0330931,-0.796714,-0.00609469,-0.0605467,-0.183937,0.304077,-0.0315038,-0.798251,-0.438,0.004,0.226,0.497
1.77271e+09,0.303864,-0.0331067,-0.803574,-0.00281736,-0.0582624,-0.186683,0.304077,-0.0315038,-0.798251,-0.438,0.004,0.226,0.497
1.77271e+09,0.303864,-0.0331067,-0.803574,-0.00281736,-0.0582624,-0.186683,0.304077,-0.0315038,-0.798251,-0.438,0.004,0.226,0.497
1.77271e+09,0.303923,-0.0331137,-0.807389,-0.00323281,-0.0577553,-0.182618,0.304077,-0.0315038,-0.798251,-0.438,0.004,0.226,0.497
1.77271e+09,0.303923,-0.0331137,-0.807389,-0.00323281,-0.0577553,-0.182618,0.304077,-0.0315038,-0.798251,-0.438,0.004,0.226,0.497
1.77271e+09,0.303864,-0.0331218,-0.815088,-0.00902502,-0.0570938,-0.187048,0.304069,-0.0314184,-0.81823,-0.438,0.006,0.226,0.496
1.77271e+09,0.303846,-0.0331825,-0.823642,-0.00618641,-0.0583264,-0.181956,0.304069,-0.0314184,-0.81823,-0.438,0.006,0.226,0.496
1.77271e+09,0.303846,-0.0331825,-0.823642,-0.00618641,-0.0583264,-0.181956,0.304069,-0.0314184,-0.81823,-0.438,0.006,0.226,0.496
1.77271e+09,0.303739,-0.0332015,-0.827516,-0.0119901,-0.0562301,-0.18441,0.304069,-0.0314184,-0.81823,-0.438,0.006,0.226,0.496
1.77271e+09,0.303739,-0.0332015,-0.827516,-0.0119901,-0.0562301,-0.18441,0.304069,-0.0314184,-0.81823,-0.438,0.006,0.226,0.496
1.77271e+09,0.303841,-0.0332151,-0.834485,-0.00324,-0.0634802,-0.177479,0.30413,-0.0311992,-0.836792,-0.438,0.006,0.222,0.496
1.77271e+09,0.303839,-0.0333556,-0.842078,-0.00720071,-0.062168,-0.181821,0.30413,-0.0311992,-0.836792,-0.438,0.006,0.222,0.496
1.77271e+09,0.303839,-0.0333556,-0.842078,-0.00720071,-0.062168,-0.181821,0.30413,-0.0311992,-0.836792,-0.438,0.006,0.222,0.496
1.77271e+09,0.303871,-0.0334232,-0.845906,-0.00825525,-0.0591779,-0.184461,0.30413,-0.0311992,-0.836792,-0.438,0.006,0.222,0.496
1.77271e+09,0.303871,-0.0334232,-0.845906,-0.00825525,-0.0591779,-0.184461,0.30413,-0.0311992,-0.836792,-0.438,0.006,0.222,0.496
1.77271e+09,0.303941,-0.0334479,-0.854281,-0.00495381,-0.0579685,-0.181342,0.30417,-0.0311891,-0.856592,-0.438,0.006,0.218,0.496
1.77271e+09,0.304009,-0.0333544,-0.861071,-0.00283831,-0.0499933,-0.179103,0.30417,-0.0311891,-0.856592,-0.438,0.006,0.218,0.496
1.77271e+09,0.304009,-0.0333544,-0.861071,-0.00283831,-0.0499933,-0.179103,0.30417,-0.0311891,-0.856592,-0.438,0.006,0.218,0.496
1.77271e+09,0.304142,-0.0333028,-0.864839,-0.0044834,-0.0558212,-0.179106,0.30417,-0.0311891,-0.856592,-0.438,0.006,0.218,0.496
1.77271e+09,0.304142,-0.0333028,-0.864839,-0.0044834,-0.0558212,-0.179106,0.30417,-0.0311891,-0.856592,-0.438,0.006,0.218,0.496
1.77271e+09,0.304056,-0.0331727,-0.872279,-0.00851631,-0.0534193,-0.179692,0.304176,-0.031604,-0.874515,-0.438,0.006,0.23,0.496
1.77271e+09,0.304151,-0.0330168,-0.880608,-0.00390777,-0.0528915,-0.183233,0.304176,-0.031604,-0.874515,-0.438,0.006,0.23,0.496
1.77271e+09,0.304151,-0.0330168,-0.880608,-0.00390777,-0.0528915,-0.183233,0.304176,-0.031604,-0.874515,-0.438,0.006,0.23,0.496
1.77271e+09,0.304245,-0.0330766,-0.883693,-0.00674448,-0.0614999,-0.179711,0.304176,-0.031604,-0.874515,-0.438,0.006,0.23,0.496
1.77271e+09,0.304245,-0.0330766,-0.883693,-0.00674448,-0.0614999,-0.179711,0.304176,-0.031604,-0.874515,-0.438,0.006,0.23,0.496
1.77271e+09,0.304177,-0.0331315,-0.891203,-0.00802683,-0.0552867,-0.179896,0.304279,-0.0315591,-0.894277,-0.438,0.006,0.224,0.496
1.77271e+09,0.304146,-0.0331593,-0.898862,-0.00850439,-0.0555432,-0.17977,0.304279,-0.0315591,-0.894277,-0.438,0.006,0.224,0.496
1.77271e+09,0.304146,-0.0331593,-0.898862,-0.00850439,-0.0555432,-0.17977,0.304279,-0.0315591,-0.894277,-0.438,0.006,0.224,0.496
1.77271e+09,0.304144,-0.0332262,-0.902689,-0.004614,-0.0641803,-0.183804,0.304279,-0.0315591,-0.894277,-0.438,0.006,0.224,0.496
1.77271e+09,0.304144,-0.0332262,-0.902689,-0.004614,-0.0641803,-0.183804,0.304279,-0.0315591,-0.894277,-0.438,0.006,0.224,0.496
1.77271e+09,0.304049,-0.033316,-0.910338,-0.00507447,-0.0591447,-0.184591,0.304333,-0.0315119,-0.912634,-0.438,0.008,0.222,0.495
1.77271e+09,0.30418,-0.0333125,-0.917943,0.000306881,-0.05772,-0.183042,0.304333,-0.0315119,-0.912634,-0.438,0.008,0.222,0.495
1.77271e+09,0.30418,-0.0333125,-0.917943,0.000306881,-0.05772,-0.183042,0.304333,-0.0315119,-0.912634,-0.438,0.008,0.222,0.495
1.77271e+09,0.304243,-0.0333623,-0.921799,-0.00691154,-0.0610494,-0.182012,0.304333,-0.0315119,-0.912634,-0.438,0.008,0.222,0.495
1.77271e+09,0.304243,-0.0333623,-0.921799,-0.00691154,-0.0610494,-0.182012,0.304333,-0.0315119,-0.912634,-0.438,0.008,0.222,0.495
1.77271e+09,0.304116,-0.0333515,-0.930168,-0.0100186,-0.0547015,-0.18213,0.304751,-0.0315259,-0.932393,-0.438,0.006,0.216,0.496
1.77271e+09,0.304064,-0.0335009,-0.937042,-0.0058808,-0.0589863,-0.184929,0.304751,-0.0315259,-0.932393,-0.438,0.006,0.216,0.496
1.77271e+09,0.304064,-0.0335009,-0.937042,-0.0058808,-0.0589863,-0.184929,0.304751,-0.0315259,-0.932393,-0.438,0.006,0.216,0.496
1.77271e+09,0.304138,-0.0334185,-0.940843,-0.00189334,-0.0503794,-0.184936,0.304751,-0.0315259,-0.932393,-0.438,0.006,0.216,0.496
